#{"t_start": 1627473512.107277, "env_id": null}
r,l,t
4.055465,3,23.20097
5.787281,3,43.305317
1.30971,3,68.11848
0.225752,3,86.857643
6.227593,3,112.120912
2.241593,3,126.128828
0.259409,3,135.031577
3.828481,3,152.033113
9.012948,3,177.924019
4.482827,3,199.831557
2.231929,3,218.986746
1.247477,3,244.064337
3.207912,3,260.122891
3.253784,3,280.116598
2.95831,3,294.850647
5.457519,3,314.94075
2.340878,3,330.386109
9.504823,3,362.183808
16.594965,3,400.93798
0.172944,3,410.236347
11.057242,3,439.264911
0.087141,3,446.74638
2.559837,3,460.995809
0.205746,3,469.605497
2.101918,3,483.524004
0.103906,3,491.436214
7.227445,3,513.524951
3.346547,3,529.90221
1.927728,3,546.381588
39.673198,3,621.907616
6.687053,3,646.154995
12.648538,3,679.167156
6.484706,3,702.32219
3.772008,3,721.966685
7.890999,3,755.741472
4.068076,3,776.724964
0.867553,3,790.208635
19.13764,3,827.435894
0.438678,3,836.652306
3.556191,3,853.410902
15.386465,3,887.211156
31.542777,3,978.993241
6.861641,3,1002.514235
0.31935,3,1011.638317
3.337719,3,1029.049091
27.178623,3,1087.776284
8.863688,3,1115.15429
2.20208,3,1133.746767
8.60655,3,1180.080022
14.745597,3,1224.056827
12.525226,3,1252.5345
2.509181,3,1267.592305
4.214481,3,1288.75989
6.032904,3,1319.428303
8.060099,3,1352.462015
7.338455,3,1380.784261
5.158533,3,1411.991706
10.638032,3,1460.199314
16.746697,3,1506.265265
5.246993,3,1540.679737
10.397798,3,1579.794988
9.845208,3,1611.713621
2.495044,3,1627.000476
2.430258,3,1644.010157
8.226814,3,1674.872898
12.116243,3,1712.540689
15.273402,3,1747.827044
4.047136,3,1768.725877
14.347235,3,1807.110737
3.620247,3,1825.531153
8.264326,3,1851.755564
6.188666,3,1871.569749
8.568291,3,1895.38459
8.420101,3,1929.281475
11.120842,3,1965.332006
20.264409,3,2009.293159
4.657963,3,2028.526855
7.516012,3,2050.31753
1.906438,3,2066.002576
46.50035,1,2142.552545
0.515445,3,2153.356407
2.207478,3,2176.052203
5.441198,3,2197.68924
12.189054,3,2227.081019
8.515485,3,2255.704178
2.790621,3,2277.417112
11.650885,3,2325.765841
15.155358,3,2364.24987
0.119741,3,2373.195899
18.074488,3,2417.845062
10.16181,3,2446.541106
0.226417,3,2454.89356
35.083516,3,2522.118485
17.031909,3,2562.931454
16.226584,3,2600.624089
3.382358,3,2617.713011
10.069916,3,2649.212069
47.621553,1,2720.75604
24.753108,3,2778.442236
1.540913,3,2793.666629
25.65708,3,2862.557391
2.31278,3,2884.19938
11.766916,3,2922.855157
39.170181,3,2994.918436
3.881618,3,3011.784081
41.134987,2,3080.940407
0.213519,3,3096.036341
27.398622,3,3152.249546
4.146562,3,3172.18141
5.916261,3,3194.783825
4.424201,3,3214.267079
1.887335,3,3230.36943
34.383173,3,3304.100299
14.253209,3,3344.331587
4.436136,3,3363.529068
3.400466,3,3379.931326
3.635095,3,3395.712986
13.3379,3,3434.016698
3.722135,3,3450.657906
0.221394,3,3460.598053
1.374711,3,3476.142462
0.066316,3,3484.433676
15.713008,3,3539.048749
5.355056,3,3561.242986
0.176759,3,3569.382155
1.8935,3,3584.208963
0.26963,3,3593.595232
11.014969,3,3625.965979
0.180136,3,3636.786135
2.07938,3,3663.269301
4.489562,3,3686.048351
1.650506,3,3706.428955
1.744877,3,3720.389152
22.054922,3,3761.895828
0.107485,3,3769.387224
3.812474,3,3787.825518
0.098051,3,3796.892547
5.046274,3,3822.537633
0.387385,3,3831.859912
0.225457,3,3840.742687
14.064647,3,3881.937535
0.150748,3,3890.594375
26.472921,3,3936.623101
10.041842,3,3963.445727
32.186038,3,4023.111428
1.817954,3,4036.427202
1.691238,3,4052.03778
24.602922,3,4099.123351
17.921439,3,4145.549022
0.132655,3,4154.067119
19.449975,3,4195.820626
4.010442,3,4218.738878
11.554277,3,4254.358875
8.403361,3,4273.415265
5.309635,3,4294.503827
9.592633,3,4327.53896
2.789592,3,4349.901094
44.339963,2,4431.761582
2.522281,3,4448.253388
1.600064,3,4478.797869
16.090215,3,4515.494113
0.338177,3,4525.748072
14.056925,3,4558.431301
8.311961,3,4584.771442
0.147317,3,4591.945733
40.834506,2,4658.290629
44.7655,2,4729.161198
9.352168,3,4755.393403
28.13899,3,4805.347773
23.653974,3,4855.319109
7.307469,3,4880.276758
2.137673,3,4893.072936
8.753782,3,4919.267175
0.310375,3,4928.021376
7.290392,3,4949.579565
0.599633,3,4959.05186
3.38971,3,4989.197611
0.256424,3,5002.90702
32.144888,3,5067.582099
4.00163,3,5085.108635
3.951045,3,5102.471956
0.207068,3,5111.848385
32.92711,3,5176.005491
46.161234,2,5261.050731
3.264042,3,5280.311791
2.643111,3,5296.745949
0.008486,3,5304.653209
0.779955,3,5334.43315
6.753965,3,5367.303693
17.814751,3,5416.178771
3.183432,3,5443.339367
8.108489,3,5476.943895
0.19716,3,5486.672328
0.113345,3,5493.750816
0.098459,3,5500.865255
2.967511,3,5536.568656
0.700473,3,5546.554706
2.957682,3,5560.771176
0.248713,3,5569.709471
0.189233,3,5578.295313
1.735124,3,5594.091289
0.13286,3,5602.670301
2.892575,3,5617.214549
14.382435,3,5651.917801
13.007413,3,5682.254765
4.479335,3,5700.182066
1.742031,3,5715.483525
2.461266,3,5729.892827
15.167656,3,5761.770169
2.794145,3,5774.736592
18.709591,3,5819.50238
4.339559,3,5834.979923
42.376712,3,5902.377535
0.802549,3,5915.022418
11.49231,3,5964.185705
13.78783,3,5997.668654
3.427921,3,6017.523922
19.472312,3,6061.324711
17.43997,3,6100.172408
34.286723,2,6169.807737
3.409231,3,6197.221789
42.635856,3,6270.059053
1.619327,3,6286.28018
4.091588,3,6309.669119
37.406389,2,6381.771671
34.295071,3,6442.332072
6.448646,3,6463.126069
4.503275,3,6482.731462
18.09988,3,6524.698548
7.254641,3,6548.501718
17.042266,3,6587.75128
31.466721,3,6654.499101
8.155786,3,6685.08589
3.991553,3,6701.697208
6.342444,3,6721.211975
6.188506,3,6741.791733
14.752308,3,6780.93846
9.198172,3,6810.1984
33.300699,3,6871.166639
40.696426,2,6942.359076
32.416073,3,6996.485302
1.752929,3,7011.216274
2.566116,3,7031.112627
15.486998,3,7066.592885
6.691075,3,7093.091925
40.736884,3,7165.353998
32.40701,3,7227.052936
17.86319,3,7273.881696
3.000089,3,7292.094698
0.168461,3,7300.713644
10.814283,3,7335.431853
6.336984,3,7356.207118
1.997164,3,7370.754192
0.156218,3,7379.540925
42.902544,3,7449.483794
10.776372,3,7495.009056
5.254237,3,7516.619074
9.740276,3,7547.616838
16.350323,3,7586.181217
47.676071,1,7651.766559
22.545328,3,7694.573957
2.812274,3,7711.549013
11.530922,3,7741.294561
4.282725,3,7761.59253
6.320375,3,7782.806413
2.496193,3,7799.663309
27.518309,3,7859.093075
12.646184,3,7888.512632
0.652802,3,7899.181997
0.203608,3,7908.006613
4.379544,3,7927.567668
2.099249,3,7942.789378
2.611775,3,7957.762022
0.147336,3,7965.759639
0.154411,3,7973.549622
0.293711,3,7982.653438
13.641333,3,8013.425379
19.511193,3,8057.2494
22.418732,3,8114.053285
24.538668,3,8173.354879
21.313287,3,8213.007713
19.736291,3,8263.373435
3.78906,3,8287.825697
5.919533,3,8309.941829
2.290413,3,8325.171567
5.634714,3,8347.512878
0.322134,3,8356.755957
12.201362,3,8387.065192
2.112164,3,8406.77368
9.393986,3,8442.637109
31.693695,3,8504.425887
12.794823,3,8537.023048
6.819946,3,8578.052442
5.191286,3,8598.113464
22.174922,3,8648.040568
0.184207,3,8657.209814
2.532356,3,8673.463448
20.247912,3,8717.735116
0.061994,3,8725.015647
2.75553,3,8740.228812
31.75312,3,8800.58817
13.247613,3,8833.486384
17.664712,3,8871.858699
6.274371,3,8893.610158
0.076555,3,8901.847614
45.996991,3,8976.83471
0.115587,3,8985.230851
0.219055,3,8994.3795
7.975626,3,9022.423099
22.274687,3,9065.820595
3.557373,3,9081.570573
14.137346,3,9109.610147
6.045522,3,9133.514903
16.967796,3,9181.139403
9.715172,3,9210.902039
40.110044,3,9286.260628
23.804899,3,9342.864746
43.734902,3,9406.948969
25.53106,3,9464.902781
0.320883,3,9480.318156
0.167498,3,9487.875886
49.249347,1,9556.660643
40.807266,2,9629.408012
31.974413,3,9688.834481
14.754289,3,9725.883368
16.839256,3,9762.760749
13.05727,3,9802.65154
6.243619,3,9826.4417
0.151072,3,9835.061234
16.780806,3,9874.16372
38.806326,3,9938.34113
32.615401,3,9998.466032
23.742371,3,10043.719414
0.196944,3,10052.982824
28.09604,3,10113.709119
0.455223,3,10122.620446
28.800176,3,10179.09548
12.951362,3,10213.107574
23.403884,3,10261.14569
53.134222,1,10341.746862
30.539549,3,10399.778984
0.191511,3,10407.858976
0.11842,3,10415.518766
41.659259,3,10481.569341
3.026778,3,10498.776526
18.372515,3,10552.915093
9.650128,3,10578.549676
3.038471,3,10595.679672
8.988314,3,10621.181785
0.108961,3,10628.483383
0.11105,3,10637.173478
41.842515,3,10711.158483
3.331435,3,10728.683846
32.554095,3,10789.495644
39.577947,3,10853.27534
2.407912,3,10867.048028
32.559417,3,10926.174372
8.714366,3,10949.014443
0.189237,3,10957.313315
0.128608,3,10965.957949
14.188983,3,10997.7653
42.919672,3,11081.338561
0.262075,3,11088.999788
0.251148,3,11097.920554
1.387957,3,11124.074765
39.19204,3,11206.89132
3.047972,3,11236.091353
0.299097,3,11245.922156
0.18395,3,11253.931996
13.866748,3,11289.828763
17.1407,3,11327.794169
14.861881,3,11360.443444
6.333475,3,11384.65451
0.07337,3,11392.98615
37.652401,2,11464.686095
43.555775,2,11529.983503
29.581351,3,11580.458425
23.799522,3,11628.365029
2.635848,3,11644.368969
7.60137,3,11673.853299
6.064678,3,11699.697346
2.406149,3,11713.740025
25.526919,3,11771.71169
2.213841,3,11792.070473
20.087445,3,11832.425165
0.004677,3,11840.764191
0.211964,3,11849.550544
8.953107,3,11875.175982
2.642155,3,11890.619299
15.407365,3,11927.973063
32.845595,3,11983.463188
37.090776,3,12050.359676
3.174533,3,12071.768107
38.619865,2,12136.773517
0.690571,3,12147.973823
21.662726,3,12206.224901
2.431852,3,12220.284975
8.802513,3,12248.958811
3.871279,3,12266.873843
10.340792,3,12295.335336
7.46303,3,12323.339212
2.046435,3,12336.136889
16.204978,3,12378.432851
8.42319,3,12403.746335
0.096729,3,12412.841295
41.86472,3,12480.210294
38.734299,3,12544.484571
12.563908,3,12578.814221
16.58,3,12623.170451
43.778559,2,12694.486765
7.646583,3,12725.645565
29.887665,3,12778.988845
12.048745,3,12820.321898
12.312119,3,12850.934167
21.545307,3,12898.697815
10.694908,3,12933.778049
2.944978,3,12950.540607
42.245981,1,13018.786267
3.258196,3,13037.93895
6.830171,3,13059.931782
0.161374,3,13068.00256
0.129966,3,13076.543489
0.196962,3,13083.740271
39.535478,3,13148.920106
5.272249,3,13170.723347
5.013446,3,13195.111915
45.306962,2,13262.094455
27.624043,3,13314.530926
42.719583,3,13388.472909
4.377204,3,13408.965927
12.884562,3,13450.130998
42.048279,3,13530.614859
20.064553,3,13574.474228
11.680133,3,13606.377017
3.65249,3,13623.208275
38.929978,3,13710.977274
7.440617,3,13733.552799
1.752301,3,13745.737289
0.187736,3,13754.242441
0.262201,3,13763.514593
39.769684,3,13835.222986
25.894164,3,13880.249985
41.166573,3,13963.973755
9.892844,3,13994.239217
11.430848,3,14024.436673
2.653097,3,14047.82831
7.088433,3,14082.723625
44.553488,2,14165.23291
8.61156,3,14202.602206
42.18441,2,14285.164589
14.528779,3,14318.164061
2.459054,3,14341.577443
28.77338,3,14394.85281
38.195935,3,14458.654194
0.077201,3,14466.413831
44.903266,2,14537.3272
41.44257,2,14599.945843
2.552873,3,14619.230508
31.38531,3,14674.958917
23.968869,3,14722.976052
42.008996,2,14786.690027
14.182741,3,14817.231558
25.603211,3,14877.800378
1.929129,3,14892.724036
11.515062,3,14921.197955
1.999652,3,14934.802769
43.051555,3,14999.754019
40.100704,1,15064.568815
27.873556,3,15112.777079
9.987955,3,15140.250383
2.628854,3,15158.561458
5.537375,3,15194.675876
3.591483,3,15219.131644
0.844886,3,15235.160909
47.179152,1,15297.296882
0.00692,3,15305.106739
41.96962,3,15378.776067
0.254909,3,15386.504249
0.28465,3,15395.337477
2.623369,3,15412.927336
48.415696,1,15476.769788
9.98919,3,15503.725813
49.149999,1,15569.632107
7.465507,3,15595.321621
15.26578,3,15631.730539
0.178347,3,15640.250191
15.705689,3,15684.438535
1.544561,3,15699.621308
42.599095,2,15763.699034
28.540612,3,15818.273749
14.480771,3,15852.441155
14.863422,3,15895.101444
8.198788,3,15919.249607
16.594013,3,15981.032431
34.616222,3,16046.027947
1.965101,3,16059.804358
43.794664,3,16143.785442
0.175967,3,16152.521717
0.63918,3,16162.179774
43.181463,2,16237.507969
48.252913,1,16300.915344
4.791061,3,16318.813088
7.095162,3,16342.108942
8.557521,3,16366.668025
12.12355,3,16406.541691
45.193553,2,16481.574308
2.463965,3,16496.379477
17.346741,3,16529.12218
4.935945,3,16547.8445
15.072488,3,16580.360286
10.729817,3,16612.911739
5.271999,3,16635.5539
36.121092,3,16702.494475
23.916541,3,16745.776536
44.930294,2,16829.070405
0.091446,3,16836.382217
1.554003,3,16851.163089
0.655974,3,16861.57792
17.074698,3,16898.68792
0.701581,3,16908.527106
16.138565,3,16941.752447
4.677746,3,16960.228359
38.085549,3,17039.464874
2.391801,3,17056.014819
29.701427,3,17108.743126
3.632474,3,17124.378868
8.776227,3,17155.057888
0.443543,3,17164.020085
41.338087,3,17244.784748
10.053318,3,17275.584073
15.403582,3,17314.020383
0.102204,3,17322.829906
13.266306,3,17368.287361
40.997714,2,17436.02679
31.416131,3,17507.896617
17.922711,3,17545.511415
20.782071,3,17593.212126
3.511244,3,17609.321839
44.389723,1,17677.144034
16.15972,3,17715.40014
42.768559,2,17782.248919
41.870192,3,17861.896637
8.954169,3,17893.567372
10.069233,3,17924.604119
0.221012,3,17933.204027
9.515216,3,17961.724744
40.733135,2,18029.633712
9.083975,3,18060.707302
23.305661,3,18109.017253
47.825264,1,18183.909007
9.22146,3,18211.377508
20.139871,3,18255.311629
14.390937,3,18286.662097
47.323542,2,18368.598126
9.886131,3,18405.219377
12.447309,3,18437.795543
40.167387,3,18501.740942
24.737761,3,18548.781768
19.236628,3,18593.208728
15.552243,3,18627.236712
46.788215,1,18698.718827
0.001993,3,18706.492559
39.506472,3,18770.030841
32.808906,3,18836.13221
0.230742,3,18844.212057
26.533454,3,18895.303584
15.215731,3,18935.063731
41.835856,2,18998.063678
27.00277,3,19062.274502
0.106545,3,19070.34061
40.914003,1,19135.014217
0.537977,3,19146.226916
25.141016,3,19196.395301
25.198594,3,19244.363673
0.228211,3,19255.085356
5.261599,3,19275.082861
35.718911,3,19352.089725
16.940276,3,19403.64795
1.778963,3,19421.968645
7.435707,3,19449.177364
0.289398,3,19457.714062
0.089966,3,19465.856153
8.380636,3,19495.059888
25.352049,3,19545.687932
1.839749,3,19557.702856
18.801108,3,19598.916991
7.831245,3,19623.753418
40.670412,3,19706.971421
42.286574,3,19778.669995
22.494193,3,19824.231858
34.034552,3,19891.828
39.482765,3,19965.21533
0.002017,3,19973.328907
7.643253,3,20000.020536
29.358974,3,20060.801754
0.110874,3,20068.804558
45.105865,2,20143.636785
14.25408,3,20175.094302
34.194052,3,20245.062819
16.158787,3,20284.99216
0.299526,3,20293.730369
1.456626,3,20311.8532
18.260043,3,20352.730295
30.447464,3,20403.523058
42.853873,2,20468.835325
6.076278,3,20493.625016
9.938342,3,20523.960428
18.169709,3,20563.317006
6.217296,3,20589.537894
0.185344,3,20599.570735
0.105109,3,20606.881284
20.620104,3,20650.136298
25.434043,3,20702.202353
3.572278,3,20719.061454
47.703076,1,20791.809439
42.431217,2,20858.582876
7.254868,3,20904.653882
46.107349,2,20986.933898
15.376552,3,21022.385489
14.660908,3,21063.683864
11.6036,3,21091.892332
7.287641,3,21127.347811
19.046579,3,21165.997505
21.827035,3,21215.775054
47.816015,1,21288.464217
0.206389,3,21296.782585
0.216683,3,21305.82919
0.126626,3,21314.661851
4.117571,3,21333.6792
4.81078,3,21357.94688
44.200917,2,21422.349818
1.61744,3,21438.277213
3.189637,3,21464.437596
2.993068,3,21495.35663
0.149458,3,21502.910783
3.466583,3,21518.780218
4.178211,3,21538.103864
4.280581,3,21559.284087
7.677348,3,21584.003005
8.18235,3,21608.681261
8.152446,3,21637.120081
3.66454,3,21660.152852
8.475112,3,21690.929612
8.91243,3,21716.129059
12.174054,3,21749.304799
15.030308,3,21789.443653
0.406044,3,21798.877661
9.209994,3,21823.355845
17.148437,3,21872.817171
0.103865,3,21880.867698
6.078162,3,21903.485337
4.594756,3,21924.025783
4.066425,3,21952.360013
36.789797,2,22015.871745
8.234368,3,22041.974266
0.09605,3,22049.029187
17.3263,3,22081.793557
21.498026,3,22125.261637
23.725095,3,22174.508669
3.453927,3,22196.108385
0.196608,3,22204.691643
38.863854,3,22282.332156
8.206089,3,22305.409428
9.758562,3,22332.02456
43.337703,2,22398.322206
43.208869,3,22466.923126
9.15139,3,22492.46979
20.015628,3,22533.68658
15.881777,3,22589.030169
7.550888,3,22614.752833
43.127081,3,22693.213227
14.88082,3,22728.77092
4.855038,3,22748.875213
32.462545,3,22807.08021
29.151265,3,22865.430645
0.092276,3,22873.352573
38.734831,2,22939.660667
0.081818,3,22947.722881
14.019527,3,22983.583999
0.132538,3,22992.666678
2.611929,3,23009.528623
2.082613,3,23023.191649
14.329222,3,23059.749252
27.529678,3,23115.536155
11.407656,3,23143.647061
12.691838,3,23179.264709
6.907296,3,23201.579651
0.227199,3,23209.321114
19.179831,3,23250.146919
19.641503,3,23295.908211
2.519689,3,23309.432594
10.769232,3,23339.644602
2.962685,3,23353.916872
8.161844,3,23379.291535
16.961759,3,23415.63228
41.742649,3,23491.372781
26.2263,3,23543.430832
36.041157,3,23609.303927
5.735393,3,23629.752067
10.641322,3,23660.457763
2.740915,3,23675.209757
37.793804,3,23747.854841
4.768025,3,23767.069745
36.568362,3,23834.546
3.634562,3,23850.05088
4.187129,3,23869.971974
40.023408,2,23936.91628
17.381323,3,23977.408781
30.12085,3,24033.42804
0.149945,3,24041.132771
5.042803,3,24059.670501
30.130494,3,24112.23361
45.18709,2,24181.589785
5.572705,3,24203.392243
3.567393,3,24220.988225
7.445261,3,24243.56694
23.151516,3,24286.362839
8.32454,3,24313.230721
0.567902,3,24323.275909
34.857618,3,24390.010139
30.2913,3,24442.3963
9.801986,3,24472.448824
4.623772,3,24491.018426
0.168895,3,24498.195396
42.043207,3,24574.575153
0.285801,3,24582.822426
4.669704,3,24611.77824
36.612038,3,24677.220751
19.153418,3,24718.909738
2.669739,3,24734.317351
11.867161,3,24772.201662
19.788146,3,24814.866644
22.732195,3,24866.086408
8.221052,3,24894.798748
23.130185,3,24947.341452
0.08445,3,24954.530987
38.592944,3,25032.915638
14.547026,3,25064.006258
12.872742,3,25095.470834
32.760422,3,25155.499476
24.06771,3,25218.654049
0.087855,3,25226.428212
21.599409,3,25275.775975
37.8481,3,25337.805476
23.286502,3,25386.270521
16.418816,3,25422.346074
41.076556,3,25491.040083
32.626001,3,25542.474458
2.045097,3,25555.352595
41.503281,3,25628.25392
0.192944,3,25636.562508
20.980021,3,25698.940081
0.114578,3,25707.482838
0.177035,3,25715.278586
39.482825,3,25791.688778
39.923048,3,25862.055228
11.817112,3,25896.873815
29.530367,3,25959.016949
25.486669,3,26013.918225
1.11252,3,26038.214379
0.449709,3,26047.141338
40.407605,3,26124.646605
30.681939,3,26179.624393
39.705902,3,26244.63475
0.252403,3,26253.966965
10.321264,3,26296.675501
24.901057,3,26372.518627
0.001992,3,26381.021156
38.769391,3,26455.870544
36.599713,3,26522.4873
15.961291,3,26566.421402
17.389945,3,26614.163571
46.77263,1,26684.945391
3.463518,3,26707.387656
35.909805,3,26769.757536
0.00205,3,26776.836643
4.539442,3,26796.781081
20.768285,3,26836.788121
4.757562,3,26880.351771
48.991404,1,26960.008306
9.28609,3,26991.259251
49.421688,1,27057.936297
0.664243,3,27069.19314
6.721496,3,27090.280571
46.357966,2,27163.888797
2.476075,3,27177.789329
12.885703,3,27221.353682
41.746278,2,27284.408488
31.00669,3,27344.471954
0.079891,3,27352.018462
27.338546,3,27413.366537
0.343766,3,27423.833007
6.534045,3,27444.163091
41.102914,2,27508.490647
3.682566,3,27527.077883
43.767652,3,27606.110126
22.944813,3,27655.345576
27.15663,3,27705.517696
29.073229,3,27772.406823
22.375957,3,27822.609756
46.352802,3,27908.21208
0.00249,3,27915.762784
0.226941,3,27924.979789
10.929584,3,27964.070328
8.537425,3,27992.979001
21.176296,3,28048.910024
21.612799,3,28095.691583
32.248941,3,28161.726151
20.947168,3,28209.006777
41.350316,1,28274.121311
5.116286,3,28293.767087
11.550673,3,28325.026294
23.192106,3,28370.877532
44.327279,2,28442.749171
8.064598,3,28468.368777
2.151379,3,28482.197151
6.416274,3,28504.853265
26.976547,3,28557.955645
20.837821,3,28606.266872
12.700244,3,28637.74694
47.288695,1,28703.864799
0.114614,3,28712.398755
0.005982,3,28719.558107
19.115331,3,28758.026777
37.969907,3,28828.812902
26.142947,3,28895.248634
17.247463,3,28941.179666
3.632875,3,28965.506313
43.581679,2,29039.058723
7.217223,3,29062.934151
13.26908,3,29101.695299
14.447395,3,29141.26329
3.07729,3,29163.461264
27.733197,3,29218.500374
22.392344,3,29260.3328
9.830289,3,29288.364353
13.299921,3,29320.957384
6.367801,3,29344.441708
0.452939,3,29353.247923
43.081786,1,29414.567988
0.113872,3,29422.960515
1.480478,3,29437.078028
2.984583,3,29454.899168
47.477965,1,29518.745688
43.004961,3,29602.168314
0.100514,3,29608.881845
43.0912,2,29673.753819
14.367972,3,29706.227957
50.975685,1,29778.389074
0.197678,3,29786.130159
0.100837,3,29794.390502
47.234402,2,29868.7872
0.613954,3,29878.975275
11.249536,3,29924.702269
40.563384,1,29997.716182
2.473946,3,30015.274486
8.726986,3,30040.784443
0.412092,3,30051.334918
30.168766,3,30109.774613
43.335791,1,30175.469629
11.377414,3,30203.391401
45.218299,2,30269.6743
34.099632,3,30334.307191
19.943268,3,30371.805895
0.159351,3,30385.048235
7.486067,3,30413.500345
8.6561,3,30440.84103
29.258924,3,30497.78614
40.789385,2,30562.61521
6.358255,3,30586.66925
0.583323,3,30595.948762
46.213314,1,30668.601597
14.032835,3,30702.804661
4.611475,3,30723.18213
0.213492,3,30732.323052
6.507519,3,30755.152309
29.329345,3,30809.115048
42.410926,3,30884.036329
44.132985,3,30955.761102
32.88285,3,31023.147698
0.537758,3,31034.424159
43.097836,3,31105.207882
40.800297,3,31173.204342
0.499594,3,31181.531189
16.471935,3,31222.770591
44.105337,3,31295.72224
14.790125,3,31329.488503
0.156348,3,31337.386284
39.446757,2,31403.59252
0.106886,3,31412.031902
0.70374,3,31428.48982
31.134726,3,31485.381647
33.028821,3,31548.865912
16.460879,3,31587.941926
37.138524,2,31653.268653
16.350375,3,31691.087637
7.761496,3,31715.528445
17.169625,3,31756.041759
25.889951,3,31812.989002
20.91035,3,31863.407045
0.092321,3,31871.022073
32.891487,3,31935.18974
0.251696,3,31944.453507
8.237366,3,31969.155316
49.011939,1,32041.268233
45.907806,2,32107.0146
4.100427,3,32128.144352
26.753501,3,32187.830293
0.203154,3,32196.848754
0.207263,3,32205.559578
3.641364,3,32222.053014
41.352366,2,32289.643722
0.162442,3,32297.547157
22.635244,3,32339.598382
37.446742,3,32407.612926
13.13296,3,32445.814333
27.657172,3,32499.579129
0.139954,3,32507.52624
1.467551,3,32520.983695
0.378715,3,32530.124542
0.232494,3,32538.717104
0.831306,3,32550.061911
3.687158,3,32566.988476
31.262603,3,32636.462401
42.735387,3,32718.32338
12.346647,3,32752.582385
0.112605,3,32761.089039
4.109486,3,32779.28721
22.583228,3,32828.661213
24.274639,3,32877.846329
0.646682,3,32887.544733
8.118416,3,32913.103432
17.66161,3,32953.61724
3.724147,3,32970.526196
50.699222,1,33045.932735
9.14605,3,33074.247503
17.882687,3,33119.117007
0.426188,3,33127.027781
37.181376,3,33194.396674
37.892486,3,33258.796315
5.850196,3,33279.912989
0.155199,3,33289.648571
13.593736,3,33323.215575
0.171026,3,33332.025765
39.61385,3,33395.696305
21.424888,3,33440.992046
25.51052,3,33483.823336
0.148099,3,33491.44838
0.22079,3,33499.892935
33.014181,3,33564.311232
34.439493,3,33623.670746
25.861913,3,33675.388818
2.922659,3,33694.398987
34.559209,3,33776.221204
0.241011,3,33785.592517
9.628439,3,33814.952598
3.490352,3,33831.127503
44.336354,2,33904.272132
43.313009,3,33991.961258
12.754439,3,34026.42288
24.044056,3,34075.840121
12.720185,3,34112.069666
23.255822,3,34159.454718
13.806811,3,34193.55776
0.203725,3,34202.659356
0.090605,3,34209.465375
0.253176,3,34217.267534
0.113823,3,34224.630634
12.391867,3,34255.605278
19.172923,3,34303.402812
4.244755,3,34322.233276
4.201423,3,34341.770605
2.433494,3,34367.193437
9.553974,3,34394.71805
16.140376,3,34428.872071
3.382474,3,34443.8027
20.861721,3,34500.941286
11.454961,3,34531.133162
25.751334,3,34586.163448
9.673825,3,34614.521229
3.859373,3,34630.600189
3.553154,3,34651.629114
13.40938,3,34689.070182
19.60147,3,34727.404353
0.695046,3,34747.513131
20.624441,3,34793.731022
4.988339,3,34813.710223
29.299735,3,34869.760665
23.583484,3,34912.457077
40.521327,3,34982.059447
1.153797,3,35003.042876
3.611373,3,35024.990178
7.939951,3,35047.934996
40.763002,3,35122.695042
24.819714,3,35181.056742
2.607701,3,35197.518789
16.50418,3,35233.621479
20.339266,3,35282.83297
0.172502,3,35291.341954
15.51271,3,35332.911009
32.770587,3,35399.431015
3.267006,3,35417.738359
10.005534,3,35449.592886
28.379236,3,35511.979418
23.505518,3,35565.785738
0.165371,3,35575.114538
0.073602,3,35582.358159
49.254779,1,35648.967889
7.514883,3,35675.457485
6.817281,3,35707.686056
0.323575,3,35716.506063
11.106687,3,35748.116911
0.203628,3,35756.349713
46.029784,2,35834.326216
0.017072,3,35843.437569
4.230392,3,35864.701746
21.590059,3,35908.990962
0.217649,3,35918.369659
46.624476,1,35984.605972
5.889508,3,36005.687979
47.583922,1,36073.239112
40.421408,2,36139.050308
0.22322,3,36150.984914
6.918855,3,36171.056165
46.54381,1,36238.412691
4.146524,3,36256.864446
23.391093,3,36301.728248
0.122911,3,36310.728994
0.228524,3,36319.523053
3.433813,3,36334.101243
2.853563,3,36350.025398
43.339055,2,36422.274082
2.694117,3,36438.571029
6.851397,3,36462.770068
7.045102,3,36490.39614
19.763923,3,36535.066639
23.327135,3,36581.753286
0.164255,3,36590.866425
26.402438,3,36642.718983
38.795287,3,36707.021656
45.59199,3,36791.99258
37.268037,3,36857.06812
27.517715,3,36914.597452
20.087774,3,36958.635915
38.547585,2,37032.937974
4.075692,3,37052.73005
4.82738,3,37084.425745
5.837638,3,37113.8605
21.747751,3,37159.065246
0.26879,3,37168.143646
37.47965,3,37244.158418
19.226116,3,37287.369997
8.514557,3,37322.069412
2.495028,3,37336.138142
4.701399,3,37354.752023
6.227413,3,37375.972291
5.59947,3,37407.707384
0.084737,3,37415.434387
27.690793,3,37465.365328
8.58791,3,37491.01312
28.078607,3,37548.420608
18.649397,3,37594.646506
35.175923,3,37660.853173
1.258822,3,37677.951302
0.109748,3,37692.048297
0.28801,3,37701.195938
0.39745,3,37710.588001
8.376926,3,37737.93335
6.285772,3,37759.247394
26.938982,3,37813.703748
11.266581,3,37843.065127
12.737874,3,37877.373838
9.53329,3,37906.555468
11.889142,3,37943.015372
27.352398,3,37994.846453
8.769183,3,38027.379663
4.07004,3,38047.364548
4.131267,3,38069.05995
39.043604,2,38134.014013
4.331842,3,38155.621638
49.083551,1,38218.379563
3.745391,3,38238.011086
2.491132,3,38255.430753
10.586281,3,38288.767658
45.25275,2,38356.865646
27.720671,3,38412.482898
0.316062,3,38420.725785
46.667817,1,38502.448132
7.836022,3,38536.967663
0.2217,3,38547.12102
1.629852,3,38562.546495
0.002066,3,38570.385913
3.602574,3,38586.721714
0.161666,3,38594.688908
43.82857,1,38666.913322
10.340476,3,38698.510842
8.042396,3,38723.81985
0.135328,3,38731.543096
8.477261,3,38757.88347
46.247945,2,38824.436701
0.61075,3,38834.693889
43.535321,2,38897.493211
12.808709,3,38930.685327
3.638094,3,38947.039178
0.155462,3,38960.746703
40.289336,2,39034.169973
19.345677,3,39070.898075
15.11652,3,39115.30061
40.523174,3,39195.092153
3.010791,3,39209.607548
25.938547,3,39272.664102
23.232994,3,39322.693362
0.189719,3,39330.521533
23.174403,3,39374.459197
6.792725,3,39396.864208
17.651458,3,39436.153663
13.986892,3,39472.104153
5.928272,3,39495.378225
40.697224,3,39576.304739
0.094575,3,39586.334565
43.788037,2,39651.827302
20.190163,3,39694.492846
20.311333,3,39735.421114
6.414249,3,39769.500273
0.004648,3,39777.149228
8.798625,3,39800.54476
12.157241,3,39833.687302
12.73422,3,39868.642346
0.204348,3,39877.689229
17.15111,3,39914.321859
16.908135,3,39950.657287
8.099458,3,39974.829695
7.370616,3,40004.937416
3.854019,3,40022.57604
14.610491,3,40065.636527
3.82081,3,40087.692374
7.966014,3,40117.808697
0.132263,3,40126.917328
16.114963,3,40167.833699
29.941556,3,40222.179071
9.973052,3,40251.240407
5.839664,3,40273.399663
37.69205,3,40348.522831
0.569459,3,40359.114077
0.113448,3,40368.187629
27.736966,3,40416.927714
16.106446,3,40452.572395
27.684975,3,40501.151987
26.47,3,40552.7312
19.518805,3,40600.848916
3.145571,3,40625.705616
42.46576,3,40702.196706
14.311512,3,40741.658941
16.233312,3,40785.237216
43.274163,2,40851.869317
32.59344,3,40929.737963
48.859312,2,41013.532907
37.52937,3,41076.722957
20.811323,3,41116.50448
22.350177,3,41175.39027
45.204821,1,41241.947825
40.81295,3,41319.330872
34.679145,3,41378.805098
0.180853,3,41386.668692
6.822138,3,41413.338392
9.1164,3,41453.199262
50.823259,1,41536.156988
12.895573,3,41566.559589
9.637301,3,41594.581006
0.079127,3,41603.28277
1.722194,3,41619.822793
4.002022,3,41641.584255
3.841138,3,41660.394484
23.226164,3,41703.72709
13.564842,3,41741.971154
8.145185,3,41775.460517
2.716657,3,41791.505545
7.73442,3,41815.908516
27.10721,3,41859.805765
16.527477,3,41898.009804
42.932724,2,41973.020262
6.02245,3,41995.808716
45.915136,1,42068.040561
39.497295,3,42138.871274
15.257171,3,42185.670767
0.192935,3,42193.828563
18.623944,3,42238.315438
24.386324,3,42294.39466
3.910678,3,42311.052451
11.55157,3,42340.278262
8.112473,3,42363.551405
42.483327,3,42441.989809
6.805579,3,42464.499892
37.116178,3,42538.612069
0.00255,3,42546.255165
22.120306,3,42596.772153
11.895047,3,42624.966192
24.961258,3,42683.006297
33.017145,3,42756.635992
41.95945,1,42821.441655
9.817534,3,42847.04298
41.776316,3,42920.668413
0.204769,3,42929.23408
18.609638,3,42972.232341
41.891234,3,43054.235582
38.072034,3,43117.886482
33.823461,3,43178.483772
3.556553,3,43198.130236
4.989706,3,43220.60319
7.970913,3,43252.22921
28.577783,3,43305.313237
0.106452,3,43313.600454
13.109103,3,43350.593159
20.729027,3,43395.19233
42.844678,2,43461.13472
9.286214,3,43486.902547
30.424794,3,43556.026091
0.247732,3,43564.863051
0.264713,3,43572.635906
44.084324,2,43638.016735
45.440248,1,43709.122745
15.204837,3,43745.160002
15.408291,3,43786.925263
4.6045,3,43805.374442
0.200242,3,43816.097993
40.080666,3,43885.039186
0.152114,3,43893.758201
39.650139,3,43965.178576
39.158268,2,44031.027708
5.423121,3,44052.673586
6.966678,3,44074.178559
47.525172,2,44141.458496
28.443689,3,44200.186957
3.709152,3,44216.969549
0.096033,3,44224.482908
28.98164,3,44280.7046
45.360447,2,44345.639251
38.37332,3,44409.976257
41.560859,3,44483.132297
45.978312,1,44554.585142
49.481511,1,44624.568152
21.12557,3,44676.287352
18.378042,3,44723.386436
35.635304,3,44793.340616
0.101772,3,44800.558922
48.454032,2,44887.548767
0.175687,3,44896.071378
34.775995,3,44956.077015
26.144572,3,45006.639728
17.081395,3,45049.545852
9.171496,3,45074.409373
4.200335,3,45093.895656
0.110465,3,45101.542926
5.165518,3,45127.66671
5.012681,3,45145.93985
2.496132,3,45163.158665
6.029858,3,45189.366227
41.653628,3,45270.360153
0.164038,3,45278.814372
17.828443,3,45317.7276
5.325072,3,45337.109508
38.405881,3,45403.407961
9.013026,3,45436.664886
0.297741,3,45445.49632
13.106845,3,45477.984266
21.691762,3,45539.248987
43.027095,3,45621.271004
8.661291,3,45649.101645
0.002715,3,45656.992148
12.119979,3,45697.009712
36.261091,3,45764.083933
0.231493,3,45773.050557
9.741821,3,45798.964752
27.687545,3,45858.688695
30.023054,3,45921.285522
46.733144,2,45986.3463
4.424219,3,46005.94508
5.410424,3,46038.81711
3.570124,3,46070.210272
0.109901,3,46077.7858
2.672602,3,46097.55513
44.322989,2,46162.873823
3.066947,3,46179.591068
0.107577,3,46187.46462
0.105811,3,46195.821527
17.806581,3,46233.894437
40.370035,2,46299.877825
0.057506,3,46308.041036
4.240836,3,46329.969038
0.214406,3,46340.003424
0.551645,3,46351.691861
0.124793,3,46361.636659
0.142855,3,46370.924709
0.092593,3,46379.213357
3.622284,3,46395.506718
47.836804,1,46462.480649
3.407963,3,46479.142316
8.114398,3,46508.461261
11.4277,3,46542.945484
20.269803,3,46581.829675
9.606686,3,46612.279234
8.609933,3,46639.087359
0.1247,3,46647.914104
3.074018,3,46664.642371
17.339066,3,46703.151527
16.217534,3,46747.750271
18.784285,3,46793.461225
0.165009,3,46804.790365
17.040167,3,46845.894647
38.869034,3,46910.174705
4.892792,3,46929.736999
30.458055,3,46978.292489
8.171964,3,47004.760358
2.951763,3,47022.235927
5.451098,3,47045.286189
0.525477,3,47054.49196
38.274636,3,47127.418134
36.334493,3,47215.766523
22.473532,3,47257.786216
0.106408,3,47266.892008
0.102197,3,47274.51088
4.343926,3,47293.213727
0.143574,3,47302.099031
17.971935,3,47346.704899
18.557525,3,47389.930578
0.314654,3,47399.230673
0.150983,3,47406.808061
1.348143,3,47418.31589
46.344064,1,47501.824334
42.556284,3,47574.957594
0.191929,3,47583.801699
0.117931,3,47592.859543
3.705979,3,47610.649022
1.797686,3,47627.311363
0.161828,3,47634.980421
45.813194,3,47715.946213
44.068672,3,47802.2815
0.202973,3,47811.491027
41.834393,3,47898.778555
11.688943,3,47926.105022
11.944974,3,47962.65301
39.731794,2,48027.006756
19.009711,3,48094.672177
8.928388,3,48120.007878
13.994718,3,48151.604403
4.844737,3,48169.706151
7.314201,3,48200.188206
6.38893,3,48223.377373
40.557536,3,48289.011487
6.407248,3,48310.906589
0.100132,3,48319.013709
0.028748,3,48327.056845
37.455018,3,48392.524334
3.864815,3,48410.293064
3.024974,3,48427.796318
8.857405,3,48464.029972
21.362399,3,48507.259159
48.623717,1,48578.005421
0.243406,3,48586.425996
23.711728,3,48635.729962
3.632031,3,48651.856336
11.854317,3,48679.63917
31.071131,3,48740.711195
16.453213,3,48779.386868
16.418191,3,48820.119084
46.693486,1,48886.154233
51.217568,1,48948.363668
12.434178,3,48988.70162
24.17115,3,49032.642664
18.37043,3,49072.257269
40.675261,3,49143.135122
46.591499,1,49205.371594
17.229264,3,49251.681733
0.076138,3,49259.122867
33.774025,3,49321.333352
42.187599,1,49394.012408
40.216877,3,49468.637848
3.270602,3,49489.71893
10.713495,3,49518.197274
49.942703,1,49597.03863
42.33401,2,49663.88845
45.790241,1,49734.075516
2.202589,3,49749.627619
0.08176,3,49756.457908
12.847574,3,49794.254152
15.90283,3,49839.303861
38.244703,3,49905.554717
0.203207,3,49914.672469
50.591119,1,49979.305694
48.662464,1,50042.964009
2.435586,3,50060.14397
0.167621,3,50068.670207
38.041699,3,50135.536427
0.142868,3,50143.845043
17.710978,3,50194.496663
45.361882,1,50267.670896
0.219201,3,50276.687841
40.284078,3,50344.000137
0.149891,3,50352.654296
46.982831,1,50424.882143
23.001821,3,50479.836728
0.45165,3,50489.687209
4.244083,3,50509.919752
7.903212,3,50541.365434
4.622204,3,50563.302755
15.398345,3,50609.304945
9.953875,3,50640.262856
45.394252,2,50713.079987
2.129918,3,50732.987059
19.692743,3,50778.028858
8.337311,3,50803.098707
38.49549,3,50877.113378
40.672855,3,50944.337077
28.26534,3,51000.271146
47.734279,1,51068.223885
26.770291,3,51120.335604
7.161886,3,51144.704057
0.161902,3,51153.238422
39.259899,3,51221.00451
12.891437,3,51259.193006
19.454521,3,51307.279945
27.207407,3,51364.972027
17.651755,3,51405.995122
40.107718,3,51483.023615
19.01652,3,51532.473726
49.288965,1,51621.431663
29.830817,3,51683.636472
2.472035,3,51703.652751
9.763078,3,51732.487629
0.111948,3,51740.430184
3.785863,3,51757.235287
11.402704,3,51788.519679
6.034075,3,51812.720544
26.092891,3,51866.070516
42.237518,3,51942.934561
11.124359,3,51974.022517
10.627961,3,52002.627135
49.305125,1,52068.3982
0.102739,3,52075.959514
0.620588,3,52085.592738
11.268666,3,52111.316268
4.697657,3,52145.955256
19.715979,3,52184.428174
8.948774,3,52215.573407
30.983763,3,52272.694904
0.183923,3,52280.526319
11.734906,3,52313.776479
44.463564,2,52388.55515
1.437252,3,52413.206816
0.049546,3,52420.276665
8.890053,3,52448.080639
0.062548,3,52456.42419
0.004641,3,52464.745339
20.445737,3,52508.638455
42.829709,3,52583.142037
17.014213,3,52625.846297
26.476497,3,52685.568838
42.389518,2,52754.98841
41.543784,1,52823.360692
42.948435,3,52898.223634
44.984474,1,52968.000023
16.868906,3,53010.637858
11.892413,3,53043.996444
28.650373,3,53107.123528
23.553093,3,53152.548243
9.662104,3,53192.095021
42.909944,3,53270.982249
0.176199,3,53279.214542
31.713146,3,53336.958808
8.71416,3,53369.029485
47.675737,2,53436.521245
35.295566,3,53504.868948
15.300838,3,53542.377429
16.128337,3,53588.770895
39.397067,3,53655.420111
1.970747,3,53670.657986
49.779446,2,53741.201174
1.827213,3,53757.545711
4.733595,3,53776.407286
3.464334,3,53795.677527
39.771739,3,53873.020833
44.236356,2,53941.278913
1.776444,3,53955.14542
4.524353,3,53974.455941
48.527071,2,54056.618022
44.464959,3,54127.376968
43.830382,2,54196.511394
7.20337,3,54222.47978
19.155913,3,54259.956993
38.521337,3,54335.759109
0.099629,3,54343.903291
28.323725,3,54404.367045
5.725738,3,54431.83423
29.173276,3,54487.419258
19.650614,3,54530.057437
27.813096,3,54576.405697
33.964814,3,54647.584011
17.998087,3,54694.343353
27.24181,3,54756.661903
18.620276,3,54801.184101
0.297873,3,54810.460377
0.140484,3,54819.001679
46.858002,1,54884.581277
44.646826,2,54974.282749
43.378842,2,55050.592303
27.737368,3,55105.725364
0.12168,3,55113.749652
3.241826,3,55138.368671
45.514033,2,55212.299841
0.12918,3,55220.481783
0.250222,3,55229.783446
20.560767,3,55271.779616
35.579504,3,55334.888033
2.306767,3,55355.041148
0.035106,3,55362.197172
38.71512,3,55428.354996
0.13475,3,55437.060029
0.161122,3,55445.001544
39.193758,3,55509.686874
5.154887,3,55528.644717
0.14329,3,55536.811912
3.192866,3,55552.983859
13.949833,3,55592.35744
4.219493,3,55614.619496
51.138051,1,55701.213479
10.112043,3,55728.671745
38.54836,3,55793.582376
47.637066,1,55860.407919
9.063483,3,55891.790672
40.524701,3,55958.285972
45.572983,2,56043.847706
41.873693,2,56110.512156
17.59803,3,56149.14873
13.675057,3,56190.067708
0.087398,3,56199.224739
0.397716,3,56208.82074
4.265991,3,56230.033309
10.818931,3,56259.957201
46.724423,1,56326.813005
28.802501,3,56383.27715
21.257292,3,56434.850844
1.591939,3,56452.077401
47.905035,2,56539.417532
22.10965,3,56589.370984
4.15259,3,56620.580315
38.474556,3,56692.965401
7.259869,3,56721.028625
7.724553,3,56747.402132
0.193643,3,56756.672131
48.435135,2,56842.61564
44.898703,2,56927.845678
6.909551,3,56949.695732
20.300125,3,56992.977446
23.383585,3,57067.227416
43.736667,3,57162.974874
27.830921,3,57225.55086
5.815031,3,57245.700276
43.769531,3,57338.590951
8.056113,3,57360.379854
0.30089,3,57370.37166
43.048622,2,57436.614401
16.492144,3,57474.841804
23.011722,3,57523.213875
20.594334,3,57570.720458
22.655425,3,57623.197164
10.411562,3,57672.461992
50.332889,1,57755.256112
21.418888,3,57811.443473
21.119841,3,57854.59415
2.933408,3,57872.859892
0.293539,3,57880.761862
22.235785,3,57935.750054
39.659034,3,57999.544912
0.110423,3,58013.771903
0.162522,3,58021.732515
31.415449,3,58092.015329
0.106628,3,58099.988401
32.623207,3,58164.022103
3.05657,3,58179.377293
5.751,3,58206.099828
23.07515,3,58257.543469
0.915003,3,58272.169378
3.517524,3,58289.247659
33.341148,3,58341.531999
37.693388,3,58408.859749
10.254114,3,58435.233109
41.782486,2,58501.061197
0.142765,3,58509.981041
44.98252,1,58577.364463
4.205597,3,58595.965965
38.302008,3,58664.760848
47.055882,3,58755.483586
13.490972,3,58790.942721
26.859812,3,58846.491933
3.892596,3,58864.705302
0.29628,3,58879.90213
22.505852,3,58935.00626
8.992733,3,58966.242419
9.056174,3,58995.22656
41.015107,1,59075.163664
0.00731,3,59082.994081
0.10099,3,59092.015755
8.577042,3,59119.109692
1.549343,3,59139.059611
33.790226,3,59209.544515
14.778516,3,59254.541329
37.07266,3,59328.470029
34.235207,3,59390.154699
40.384265,3,59464.951337
42.088411,2,59538.79831
8.549656,3,59569.088953
4.19253,3,59589.366918
43.813718,2,59651.495478
42.366715,2,59715.558226
45.542767,2,59801.212319
1.509044,3,59813.894107
4.742785,3,59834.659922
11.352736,3,59864.358641
21.129664,3,59912.435034
24.057025,3,59960.900176
12.090317,3,59990.495545
6.396605,3,60015.631893
2.302921,3,60029.981091
18.160617,3,60069.092772
44.368655,1,60141.408926
17.957987,3,60186.887275
46.301937,1,60253.785815
0.124948,3,60267.000473
19.554121,3,60305.679636
0.106027,3,60313.938996
14.102505,3,60353.831051
37.930711,3,60422.463529
3.491863,3,60440.297287
36.572089,3,60499.391662
41.454828,2,60566.001164
47.997012,1,60633.020583
3.384892,3,60650.819024
23.181131,3,60704.064151
42.021915,3,60790.250643
43.107786,2,60856.85834
19.914725,3,60896.720715
19.990782,3,60940.041695
27.829428,3,60995.351005
49.936425,1,61079.487813
22.971585,3,61134.189383
22.877365,3,61180.950114
10.393472,3,61225.840038
2.287796,3,61247.146353
25.574187,3,61303.747067
4.177367,3,61324.343917
3.911706,3,61340.214159
0.142023,3,61348.966995
8.020212,3,61379.974945
46.383937,3,61473.121093
9.6835,3,61501.197426
46.231649,2,61576.275197
0.002174,3,61584.05087
0.224754,3,61592.171352
23.0783,3,61634.516354
9.393852,3,61665.282935
13.676532,3,61701.417114
34.525526,3,61761.672292
45.035306,2,61837.580999
0.101125,3,61844.207846
0.167763,3,61853.163252
37.802554,3,61933.118055
14.257851,3,61966.206403
0.081465,3,61974.24996
35.361624,3,62035.3151
11.342634,3,62068.97954
3.65449,3,62089.953276
34.578747,3,62161.064426
0.086846,3,62169.202929
0.272481,3,62178.219787
42.701142,3,62255.174376
6.454924,3,62277.054486
43.901805,3,62364.281853
12.150024,3,62392.923934
12.390049,3,62429.549958
20.733139,3,62483.030964
45.393283,2,62547.734421
13.561533,3,62584.078414
0.010397,3,62591.920527
38.558786,3,62660.771244
39.060584,3,62730.582242
6.295354,3,62753.454624
9.239884,3,62779.349347
4.596418,3,62798.923328
33.967663,3,62859.391531
21.444533,3,62905.709339
0.714893,3,62915.518825
32.614692,3,62981.852696
43.175242,1,63047.402832
43.490414,2,63114.830897
42.33846,2,63189.008265
3.099981,3,63214.329769
6.675908,3,63252.050795
30.669397,3,63315.507351
35.882262,3,63381.975209
24.215339,3,63423.910811
3.516693,3,63442.883934
30.491888,3,63500.183061
