#{"t_start": 1627555575.9669209, "env_id": null}
r,l,t
0.291522,3,13.966579
0.20534,3,26.208334
6.006405,3,54.090572
3.659254,3,78.295343
5.663846,3,115.166398
20.50082,3,159.758221
0.271704,3,171.610844
0.293958,3,182.69375
15.097378,3,219.064808
0.527196,3,231.16827
0.457042,3,244.787877
0.185095,3,266.118709
5.167844,3,298.086147
5.828387,3,324.958444
7.448981,3,349.738312
2.916601,3,369.820396
0.515272,3,383.474662
6.969787,3,408.220206
25.671854,3,463.088642
29.602502,3,524.203697
9.084484,3,556.870133
0.257547,3,569.228631
0.826375,3,583.492795
5.082277,3,606.271215
3.725508,3,625.245063
6.352173,3,651.450368
1.809723,3,670.640248
5.248218,3,703.582941
0.106035,3,715.766158
0.225004,3,728.224405
8.452208,3,758.512457
9.697669,3,788.810892
7.098282,3,813.723898
6.217423,3,838.977342
7.462713,3,865.176973
28.44911,3,922.424225
0.346263,3,934.265971
18.074359,3,979.67648
4.565738,3,1006.244815
1.739662,3,1023.62256
0.26915,3,1035.804724
0.126449,3,1057.357479
3.048287,3,1081.749862
10.013089,3,1115.421395
8.946144,3,1153.705708
9.999342,3,1186.063397
8.333055,3,1227.652154
0.340623,3,1240.74206
7.303184,3,1267.815805
0.296434,3,1280.213168
9.667278,3,1311.414288
32.887147,3,1379.559253
18.091786,3,1418.682562
0.114498,3,1429.942738
5.590785,3,1451.163002
12.905958,3,1487.299594
1.908796,3,1504.968016
8.783795,3,1536.301211
0.168503,3,1548.208346
5.671373,3,1570.808638
10.530754,3,1605.087441
0.491555,3,1618.00238
4.830957,3,1642.746581
10.217832,3,1696.344983
8.56174,3,1727.562381
6.963219,3,1757.593112
0.436746,3,1769.617074
0.253185,3,1780.847238
0.249401,3,1800.794693
5.619839,3,1823.055491
15.043033,3,1861.897387
17.168107,3,1917.224737
5.416232,3,1951.221586
0.89618,3,1966.639594
7.211887,3,1991.213488
7.011435,3,2027.095203
9.528706,3,2059.280114
0.448833,3,2073.10095
0.068011,3,2083.337138
0.163719,3,2093.711347
0.075387,3,2103.55925
0.170981,3,2115.500042
1.750884,3,2158.406028
7.069661,3,2183.691109
5.372948,3,2209.007016
15.466818,3,2261.286008
4.392627,3,2295.715666
7.626068,3,2331.422384
42.1251,3,2409.765325
7.933181,3,2457.463122
10.281704,3,2493.536061
0.52275,3,2537.374231
19.492272,3,2589.945787
6.691385,3,2617.43913
8.140081,3,2651.505205
11.206667,3,2684.418513
34.630384,3,2754.687009
5.030502,3,2794.219049
2.258779,3,2821.292343
15.337529,3,2878.852037
35.736111,3,2942.485868
0.280614,3,2954.799101
13.943135,3,3015.952125
7.567311,3,3040.814877
38.303469,3,3128.250267
39.704617,3,3205.514076
24.437847,3,3255.011418
0.837001,3,3267.53763
8.390506,3,3315.775347
5.393585,3,3361.807207
10.66491,3,3393.301259
25.327736,3,3453.615769
1.754179,3,3473.035714
16.498137,3,3521.652938
0.089681,3,3532.583808
13.411656,3,3569.307171
10.41226,3,3602.657014
0.109053,3,3612.940856
6.013101,3,3637.936751
16.800078,3,3678.244882
6.550499,3,3705.329859
6.218437,3,3729.582709
0.139025,3,3740.911428
21.877187,3,3799.316647
24.000032,3,3850.368061
13.680809,3,3888.099154
6.502202,3,3910.672715
13.797158,3,3949.407338
15.774396,3,3987.837603
0.571144,3,4002.159508
0.102035,3,4034.526909
0.2724,3,4047.075755
18.266151,3,4090.242333
21.56228,3,4149.543698
0.097551,3,4160.932904
0.11587,3,4172.774115
21.579038,3,4239.057119
15.681572,3,4277.800341
33.51803,3,4343.269803
0.50408,3,4355.883365
0.093401,3,4375.110505
7.584396,3,4412.664969
10.982737,3,4447.966433
12.384877,3,4484.949623
6.404142,3,4506.467135
6.236182,3,4539.486452
0.131482,3,4549.506792
0.215643,3,4560.443226
13.221245,3,4596.100308
0.317586,3,4609.052766
6.763984,3,4647.17091
14.664186,3,4708.684937
0.18477,3,4720.790833
6.200896,3,4744.869231
0.17927,3,4763.143746
11.093307,3,4795.620183
5.935476,3,4823.85068
9.402802,3,4854.320233
19.68561,3,4900.958695
14.212341,3,4938.772173
23.018451,3,4991.540699
6.162396,3,5027.362441
5.888005,3,5077.735586
7.139314,3,5108.370998
8.017898,3,5137.17869
14.138004,3,5169.919122
5.906574,3,5193.483092
1.736227,3,5210.226941
35.920473,3,5281.780804
18.824347,3,5327.039303
14.469629,3,5369.026008
0.790336,3,5411.199793
0.392853,3,5423.620394
15.539163,3,5469.611235
12.364394,3,5514.7282
8.251315,3,5550.123726
15.450225,3,5603.089262
10.204598,3,5640.951843
6.234267,3,5672.705181
8.700884,3,5712.993715
19.579109,3,5756.398251
7.129167,3,5781.937919
0.126618,3,5793.86164
11.517372,3,5827.846213
12.423069,3,5858.001897
5.79777,3,5886.280253
17.481542,3,5933.533725
36.724293,3,6011.364663
7.647607,3,6042.038102
25.268152,3,6089.609172
4.156958,3,6109.886631
11.04741,3,6146.978302
15.552409,3,6189.308504
3.950417,3,6224.361961
0.40851,3,6240.017263
0.430103,3,6253.418688
0.132923,3,6265.100718
0.185699,3,6276.176374
0.163719,3,6288.901531
1.791788,3,6312.991073
23.360917,3,6362.095571
8.041072,3,6393.764822
7.831697,3,6423.692592
0.820041,3,6437.72172
9.722412,3,6471.157609
11.772288,3,6519.882101
10.80475,3,6553.255122
0.854622,3,6577.815993
11.168393,3,6605.255867
20.001767,3,6648.113345
9.266546,3,6681.290905
21.151305,3,6726.507358
25.952481,3,6781.221027
0.298255,3,6794.279383
0.862662,3,6810.296621
25.856465,3,6869.165995
28.850419,3,6931.179076
4.098816,3,6953.4563
8.014928,3,6982.259168
6.849124,3,7008.367768
12.776167,3,7052.938154
6.559395,3,7076.237382
4.257483,3,7122.558766
27.166194,3,7183.70485
15.472115,3,7224.642714
27.795689,3,7284.510089
36.402756,3,7349.884696
3.044855,3,7370.930351
0.932073,3,7388.17189
0.125747,3,7399.078207
0.253461,3,7411.243525
5.742681,3,7433.891459
0.188909,3,7446.677737
0.366076,3,7464.378243
11.287682,3,7497.3472
49.135186,1,7582.463899
8.018682,3,7619.051819
19.352411,3,7668.893507
0.203379,3,7679.478418
8.131424,3,7707.390044
9.696553,3,7739.261601
20.558782,3,7799.64897
3.92408,3,7822.542876
10.121169,3,7853.340703
2.682224,3,7900.28548
7.892998,3,7928.55231
0.120233,3,7939.591134
5.680466,3,7974.893632
14.623409,3,8011.194708
5.823918,3,8041.640288
9.349182,3,8069.468488
40.163308,2,8143.119459
31.819832,3,8206.335648
11.551098,3,8239.222789
25.519649,3,8288.169742
15.030854,3,8327.773261
8.349546,3,8354.14804
8.993326,3,8395.955701
0.094214,3,8405.954725
0.386366,3,8417.799051
0.366103,3,8430.750905
8.793711,3,8459.096265
45.753092,1,8524.885733
30.040628,3,8586.329349
30.077022,3,8646.626656
0.401743,3,8659.614363
17.376919,3,8698.498439
0.053592,3,8709.501588
14.120117,3,8750.041088
7.921117,3,8777.242161
6.956008,3,8800.506618
0.174586,3,8811.825088
0.090426,3,8822.451471
35.696321,3,8892.032075
15.187391,3,8937.20467
20.925351,3,8998.457176
12.070911,3,9036.903705
9.860075,3,9069.539648
28.737146,3,9124.872231
0.104444,3,9136.420638
2.68658,3,9161.031888
3.454048,3,9179.111893
30.68568,3,9244.083931
38.029682,3,9317.421185
14.095702,3,9357.221946
0.030636,3,9368.412767
0.238575,3,9380.164398
13.597278,3,9418.314318
0.20037,3,9429.701975
0.08406,3,9442.004622
8.540044,3,9468.80248
34.817479,3,9541.64081
18.135231,3,9586.621761
0.399151,3,9598.389519
26.975341,3,9658.109663
7.972594,3,9683.857786
21.419938,3,9767.122878
15.450465,3,9800.771665
1.717403,3,9817.285776
0.149963,3,9827.827788
3.485555,3,9850.437533
2.801155,3,9868.25575
0.192405,3,9880.511999
0.213232,3,9893.696175
0.481057,3,9907.002467
10.036833,3,9934.87016
5.422918,3,9973.895168
5.958658,3,9996.733662
7.965776,3,10035.95491
20.472528,3,10081.040348
0.238095,3,10092.824291
0.909179,3,10108.445766
21.654894,3,10157.149803
2.473226,3,10177.018718
0.712773,3,10201.894677
22.813535,3,10252.01782
6.134728,3,10306.316627
14.938825,3,10346.882049
5.19928,3,10371.767428
5.315185,3,10394.731241
1.406767,3,10410.285278
4.608552,3,10434.271966
0.382921,3,10447.956234
4.397642,3,10485.419811
7.621512,3,10513.157158
39.327632,2,10587.519021
0.23631,3,10600.329068
0.14815,3,10611.636194
19.957065,3,10660.435226
0.168317,3,10673.799225
25.814268,3,10731.024862
26.052856,3,10792.607529
7.116051,3,10819.647191
20.041811,3,10866.755183
24.331897,3,10935.379978
40.098927,3,11010.376148
0.34888,3,11023.057216
4.484395,3,11048.723258
7.493483,3,11084.933703
20.233799,3,11139.644194
9.463568,3,11167.038143
3.879226,3,11196.072229
7.913855,3,11222.180076
3.287577,3,11241.54564
37.090142,3,11311.496246
14.631356,3,11351.64097
7.296682,3,11375.453991
0.952421,3,11389.248385
0.547228,3,11403.089722
7.501491,3,11433.335938
19.847628,3,11481.491305
6.614593,3,11504.761195
5.430694,3,11549.114812
6.259612,3,11573.721319
10.970136,3,11606.59301
27.904812,3,11663.332081
0.205392,3,11674.836779
11.015929,3,11724.542704
20.404046,3,11774.177737
0.205122,3,11786.879809
0.225326,3,11799.913265
28.868835,3,11866.128726
3.491598,3,11887.69458
17.902746,3,11925.886571
0.067422,3,11936.349067
18.601643,3,11980.432996
0.243509,3,11991.728893
30.188685,3,12061.890372
44.998604,3,12147.773875
0.927252,3,12174.266073
23.968288,3,12220.924213
15.043542,3,12259.573065
9.215504,3,12287.581322
12.572501,3,12342.79879
8.781158,3,12382.351765
0.174042,3,12393.616413
9.669631,3,12434.35045
26.276005,3,12502.558522
1.999475,3,12523.524358
0.169597,3,12534.873248
40.250944,2,12600.508344
0.202399,3,12611.268519
13.098235,3,12645.883646
30.509578,3,12704.598801
0.191112,3,12715.656819
7.639518,3,12741.229557
0.179286,3,12753.411491
44.001687,2,12824.593109
45.693661,2,12897.316558
28.37776,3,12959.320464
0.286454,3,12971.935064
42.145735,2,13046.867349
11.83547,3,13079.409754
22.08063,3,13130.603657
6.808,3,13157.903205
6.317249,3,13193.931875
23.926111,3,13250.066993
4.834555,3,13277.265029
0.283369,3,13288.831954
0.421525,3,13301.451611
0.308715,3,13313.923142
12.554977,3,13350.781643
0.517401,3,13362.886333
10.50444,3,13395.848122
39.674783,3,13485.738025
10.229281,3,13520.243641
0.739071,3,13534.055841
14.499675,3,13592.140009
7.508101,3,13626.129944
17.824986,3,13674.688977
17.361917,3,13733.409143
39.162914,3,13801.613088
3.524553,3,13830.553323
10.994088,3,13861.397625
0.253519,3,13873.831117
6.433189,3,13906.637521
5.257289,3,13929.117891
8.257437,3,13963.063837
15.189633,3,14002.253868
34.190058,3,14063.461665
8.257839,3,14089.779236
3.3578,3,14110.904785
24.523286,3,14160.885084
7.594623,3,14189.857621
5.59344,3,14217.723744
0.296727,3,14229.828487
9.80918,3,14258.817567
11.479383,3,14296.623704
22.878043,3,14354.001266
18.655077,3,14396.563645
19.43946,3,14442.915443
5.479464,3,14465.845432
0.168122,3,14475.965904
14.557176,3,14516.581943
6.095042,3,14546.553189
23.784629,3,14604.895079
23.814259,3,14654.275057
19.22318,3,14712.276617
0.516044,3,14725.337981
48.903819,1,14797.978455
5.291066,3,14820.53092
17.231201,3,14862.92844
31.860562,3,14923.650365
0.200008,3,14934.962478
25.542485,3,14990.065379
16.528995,3,15028.060893
10.915749,3,15081.939028
35.963076,3,15155.48059
8.537295,3,15185.129871
19.711531,3,15239.522191
5.618393,3,15261.195039
0.156932,3,15272.981146
12.66231,3,15309.294389
7.586245,3,15333.954354
5.507484,3,15355.399092
0.346712,3,15368.322157
0.28238,3,15379.6463
0.412059,3,15391.991187
6.314281,3,15422.618155
39.410495,2,15505.680816
0.226063,3,15517.12658
10.989084,3,15557.852306
18.80412,3,15604.422818
6.321923,3,15630.881612
22.081863,3,15692.871903
3.7348,3,15721.258179
11.943432,3,15782.739552
8.852361,3,15822.166856
8.841858,3,15850.150121
0.312324,3,15862.333204
36.80712,3,15936.283385
11.417681,3,15984.177435
0.359154,3,15995.917937
5.234396,3,16018.580174
0.695216,3,16032.615781
34.234329,3,16099.136189
11.883863,3,16138.070514
0.2029,3,16149.443647
0.406679,3,16161.309764
0.571942,3,16176.651124
13.834135,3,16212.50316
32.285508,3,16286.215788
19.900283,3,16337.096646
0.181875,3,16348.223218
0.225969,3,16360.303545
19.468583,3,16411.25492
19.447556,3,16461.814284
0.010627,3,16473.1451
46.349148,1,16536.843184
19.981259,3,16580.708091
13.680086,3,16620.760396
0.806431,3,16636.682733
14.144796,3,16678.534782
0.226601,3,16689.672544
11.465034,3,16725.861965
20.368065,3,16789.681276
11.520444,3,16823.41579
0.189401,3,16846.079218
0.260438,3,16858.30697
30.719603,3,16929.308512
24.276198,3,16980.510382
3.553674,3,17001.686628
1.119644,3,17018.559883
23.534729,3,17069.592129
15.037422,3,17113.720714
18.704396,3,17156.91731
15.959883,3,17198.700368
4.469271,3,17221.170753
0.213548,3,17234.472663
1.991149,3,17253.369537
11.905577,3,17289.220821
22.735477,3,17346.05886
10.966315,3,17381.478183
0.161873,3,17393.182642
0.088696,3,17403.81723
21.712394,3,17467.77461
6.751674,3,17495.481999
22.800761,3,17543.20258
3.303739,3,17567.554003
2.973992,3,17605.781724
24.679329,3,17658.190089
0.950678,3,17672.881722
0.336904,3,17686.439964
27.128048,3,17745.612616
0.140606,3,17757.028485
34.710129,3,17828.695365
13.814144,3,17863.833951
39.779911,3,17938.229902
0.090243,3,17948.585233
10.766378,3,17984.428043
39.447326,3,18054.258389
0.252298,3,18066.160911
13.394176,3,18103.282693
39.031817,3,18169.665643
23.550426,3,18218.394265
20.199386,3,18271.194175
13.05612,3,18303.500958
0.199186,3,18314.479208
6.599911,3,18337.46262
18.70499,3,18379.651751
7.523412,3,18427.69049
0.17108,3,18437.565086
12.913147,3,18486.868281
16.980351,3,18535.197387
0.214892,3,18546.821229
14.693004,3,18583.814572
10.869278,3,18614.372425
19.8848,3,18663.159666
0.155718,3,18673.667737
0.136569,3,18685.317586
4.621473,3,18708.60051
39.65735,2,18774.747708
10.710638,3,18810.55046
14.456499,3,18851.861138
0.65153,3,18864.191771
20.042732,3,18906.010055
15.372269,3,18953.98694
11.317926,3,18987.19984
0.135824,3,18998.653659
0.090149,3,19008.905681
45.91901,2,19093.472957
8.263227,3,19119.547361
0.377548,3,19131.188861
19.045888,3,19180.159792
21.937437,3,19232.654332
29.405055,3,19296.230904
0.278774,3,19307.911878
34.509171,3,19377.541284
0.137078,3,19388.622968
0.162426,3,19400.772092
11.868574,3,19436.046725
5.79199,3,19467.020527
32.171975,3,19541.511191
0.093238,3,19552.819235
34.148054,3,19617.337408
0.171433,3,19627.995844
0.102048,3,19639.871652
25.991899,3,19689.698048
11.467399,3,19720.904332
38.630453,3,19791.66826
11.615297,3,19825.151288
0.900256,3,19839.524846
13.95389,3,19874.169385
0.012471,3,19885.522914
4.846397,3,19908.410358
8.435528,3,19940.638349
1.689621,3,19976.3113
0.160494,3,19987.91205
39.556798,3,20060.860348
12.99729,3,20111.785888
0.184823,3,20124.550939
6.418816,3,20148.188887
17.084021,3,20192.881827
11.837657,3,20225.886755
0.580619,3,20246.105912
3.596802,3,20265.247715
35.376856,3,20328.290244
27.441481,3,20418.925301
43.337919,2,20484.935723
34.771582,3,20567.187199
5.982129,3,20593.267208
28.991677,3,20657.12123
4.281841,3,20680.252409
37.993587,3,20745.356964
12.535859,3,20788.938867
8.84117,3,20820.04447
40.409419,3,20893.62075
5.955754,3,20918.244393
0.691928,3,20931.941722
15.299102,3,20977.722287
0.184245,3,20989.772458
25.636638,3,21044.221863
48.689445,1,21128.48388
37.865353,3,21201.272484
11.552969,3,21236.031337
25.898304,3,21293.29419
13.214897,3,21330.655085
4.731321,3,21352.774527
45.68467,1,21423.249852
0.179837,3,21433.591228
0.003265,3,21443.857788
0.295525,3,21455.95632
16.050794,3,21498.081164
9.400543,3,21530.979956
0.198853,3,21541.912619
19.460187,3,21589.373343
43.022289,2,21661.497259
16.493677,3,21708.202198
0.038894,3,21719.540871
0.155454,3,21731.810227
6.428248,3,21759.935824
46.03386,1,21845.920416
41.246273,3,21924.503158
6.786215,3,21967.726387
0.105264,3,21978.297315
11.791582,3,22014.867877
5.005164,3,22042.150218
21.988134,3,22099.253332
1.071707,3,22121.629676
0.126629,3,22133.811765
21.969184,3,22179.567082
5.984757,3,22203.459345
6.466307,3,22228.610128
6.058698,3,22257.249407
0.110854,3,22267.752718
7.35781,3,22299.68173
23.346401,3,22350.30551
28.962225,3,22410.635253
43.059483,3,22502.774126
0.216658,3,22514.836846
1.107103,3,22531.056411
0.213365,3,22542.453414
23.823486,3,22592.490486
0.159627,3,22603.785588
0.586889,3,22616.564679
41.86266,2,22686.281657
36.152146,3,22755.003402
0.868776,3,22770.972197
0.254244,3,22783.300757
39.330193,2,22860.394668
17.129263,3,22908.196396
16.704902,3,22949.398668
37.022101,3,23017.67885
11.184779,3,23052.926051
0.097599,3,23062.244436
45.133015,1,23128.106626
26.943458,3,23184.152821
2.486266,3,23221.059966
5.901791,3,23246.231722
13.178786,3,23284.250987
12.400892,3,23328.847426
9.227101,3,23358.734389
0.103227,3,23369.161858
32.265083,3,23428.284911
7.973801,3,23456.423466
0.273473,3,23467.786178
9.409346,3,23498.269929
7.908243,3,23531.674132
25.428587,3,23588.025403
38.752415,3,23656.845794
0.462562,3,23669.087173
36.955407,3,23733.984526
0.342702,3,23746.059827
10.090291,3,23777.497637
18.021044,3,23826.616138
7.096214,3,23862.671373
25.180512,3,23914.193759
7.256714,3,23949.482673
0.35718,3,23960.742191
7.780521,3,23989.669139
20.559947,3,24043.977934
20.765099,3,24094.742309
36.759447,3,24175.361441
1.40257,3,24192.203384
0.180144,3,24203.235705
36.166923,3,24267.394009
6.605263,3,24299.785722
40.839342,3,24376.501242
22.168268,3,24420.047421
33.909419,3,24508.394914
0.177368,3,24519.251419
16.3464,3,24554.662399
12.855305,3,24592.793914
0.176114,3,24604.786987
0.547686,3,24616.692822
0.365768,3,24628.800265
0.106626,3,24640.323545
7.000788,3,24667.574318
20.734697,3,24727.460156
7.405962,3,24753.12853
0.13662,3,24764.473153
8.54611,3,24791.431484
26.110206,3,24851.068713
37.338288,3,24919.106931
21.522135,3,24969.463464
0.191786,3,24979.982826
25.148046,3,25049.727988
22.218179,3,25093.169334
24.24338,3,25153.869165
13.384608,3,25189.211306
0.110943,3,25200.786436
16.31983,3,25247.777778
3.851807,3,25273.140362
10.497039,3,25305.148904
19.621946,3,25363.905295
12.839976,3,25398.276903
33.126213,3,25477.537738
8.903047,3,25511.815709
12.734447,3,25550.002262
44.531739,2,25618.22419
18.201669,3,25670.663033
22.103655,3,25727.609398
12.374311,3,25765.927679
26.019293,3,25825.685665
20.731363,3,25882.355067
20.124276,3,25938.954417
11.69414,3,25999.838821
14.882588,3,26037.112645
40.749511,3,26106.671485
13.012507,3,26147.561849
20.012977,3,26201.954213
0.169501,3,26214.589231
33.283983,3,26281.754786
12.955167,3,26324.377477
2.556336,3,26343.736265
0.219747,3,26354.874052
31.464929,3,26429.611382
8.193548,3,26460.47628
0.439276,3,26472.474478
4.828539,3,26504.066068
9.958314,3,26539.501966
15.727567,3,26581.673461
7.957102,3,26611.588089
25.39743,3,26667.608409
11.67568,3,26698.607402
15.983846,3,26739.105096
0.291463,3,26750.133563
7.177797,3,26776.443986
23.872406,3,26842.835277
19.467089,3,26892.746673
21.046622,3,26935.543011
15.797812,3,26980.209836
5.978687,3,27005.665899
8.292109,3,27032.300051
28.005708,3,27099.123586
6.645772,3,27129.744517
22.908157,3,27190.843964
0.325965,3,27216.960755
11.004905,3,27257.811766
0.526948,3,27271.188556
19.166442,3,27314.233056
0.383899,3,27331.689027
9.029503,3,27375.705023
33.382803,3,27439.122192
11.98828,3,27481.914578
44.116109,1,27550.310471
0.734833,3,27563.14002
0.702874,3,27585.348412
24.620859,3,27649.717634
0.096722,3,27660.564449
12.577685,3,27696.712275
0.23862,3,27708.294004
15.246147,3,27751.658844
17.921432,3,27792.05337
23.695357,3,27855.486432
8.30448,3,27883.997035
16.26473,3,27945.077021
0.176049,3,27955.908558
0.196482,3,27967.967963
38.944672,3,28043.01093
0.251728,3,28054.109479
0.153299,3,28065.246531
5.457833,3,28089.536515
23.991182,3,28154.389155
7.746499,3,28180.893992
20.770267,3,28257.260907
27.45074,3,28315.691509
0.076425,3,28325.818267
8.508824,3,28363.548774
0.16594,3,28375.048087
23.002844,3,28424.878715
7.095437,3,28458.350412
10.077012,3,28490.786061
16.434926,3,28534.964638
32.766693,3,28621.7654
0.083856,3,28631.699125
6.454052,3,28660.884205
0.242095,3,28673.390876
39.065927,2,28740.209566
38.387002,3,28808.059608
0.140129,3,28818.788937
13.933956,3,28856.46528
28.903523,3,28914.520046
40.244894,2,28979.334089
0.198356,3,28990.373815
13.488441,3,29034.815182
0.404329,3,29047.309669
11.374696,3,29085.292607
18.484459,3,29139.241404
15.260902,3,29180.755344
11.950181,3,29215.135818
42.616807,2,29288.434795
3.583719,3,29307.489451
8.594924,3,29336.454329
0.05323,3,29346.902628
46.577276,2,29417.280778
11.495234,3,29447.521765
0.649584,3,29460.271278
27.455646,3,29514.978167
10.716078,3,29547.224394
30.535089,3,29609.156682
14.045893,3,29645.141745
5.904666,3,29673.79516
12.304712,3,29709.807941
0.252387,3,29720.941753
19.206064,3,29769.48298
8.548187,3,29808.316673
3.786301,3,29827.726346
11.662479,3,29860.968273
7.822878,3,29886.857919
1.338805,3,29922.074856
23.421843,3,29970.890926
33.345033,3,30041.626826
0.13241,3,30051.299105
0.524831,3,30064.150369
30.226456,3,30133.354866
8.548852,3,30169.859455
0.461934,3,30181.876816
21.795872,3,30229.315267
23.276032,3,30276.663941
0.181518,3,30286.935461
7.415853,3,30314.554867
50.673292,1,30391.688163
28.229041,3,30460.695048
0.251348,3,30472.002912
1.836269,3,30508.533801
9.280444,3,30539.528734
25.384006,3,30590.916985
10.003287,3,30644.735404
0.135307,3,30654.523688
0.228264,3,30665.48498
7.928745,3,30699.217814
4.272365,3,30748.814246
13.808702,3,30784.805782
0.495161,3,30804.026453
0.32762,3,30815.26626
17.808034,3,30862.882826
7.730259,3,30897.013057
42.947103,3,30988.206383
8.939333,3,31043.663322
33.911034,3,31113.656816
0.299651,3,31125.963416
0.308948,3,31138.811024
18.444394,3,31196.094116
6.655351,3,31223.095113
5.713686,3,31246.749091
1.367242,3,31264.856325
5.658084,3,31289.042329
5.018021,3,31312.324139
31.461685,3,31387.972031
0.126204,3,31400.775978
0.132271,3,31411.262881
38.259656,3,31485.349395
0.214323,3,31497.026525
16.809046,3,31542.300299
10.935134,3,31573.734953
0.117523,3,31586.107312
29.041079,3,31653.984488
7.231122,3,31699.480495
3.751081,3,31718.853761
0.238927,3,31730.504929
13.246248,3,31773.473667
27.493648,3,31839.650597
0.410978,3,31851.816554
16.447527,3,31896.186162
0.223982,3,31906.446124
24.810643,3,31963.156424
41.007553,3,32050.022258
0.176297,3,32061.31118
45.497488,1,32126.83932
0.838615,3,32143.26101
0.120404,3,32154.085574
42.401109,2,32216.899762
44.635653,1,32289.645423
31.689652,3,32375.781299
13.640725,3,32412.068261
14.541173,3,32453.817606
20.348107,3,32496.789081
7.560443,3,32523.004404
8.901026,3,32554.875682
0.091031,3,32566.080531
39.58173,3,32639.444937
38.274515,3,32708.06337
20.431435,3,32759.870692
0.094628,3,32771.551988
36.197992,3,32851.280039
37.882743,3,32917.150567
7.368864,3,32949.424545
24.089816,3,33006.5495
0.560367,3,33021.600765
0.160757,3,33033.277493
10.942063,3,33076.611689
9.849246,3,33124.967222
0.401177,3,33137.35074
32.443445,3,33202.67715
0.225868,3,33214.635335
26.986896,3,33267.851284
6.684805,3,33294.890259
0.487221,3,33308.342084
0.096806,3,33318.098257
7.497997,3,33380.095234
0.030978,3,33389.540047
11.658927,3,33433.293433
0.192651,3,33442.918584
33.654447,3,33506.667216
8.262172,3,33533.983986
0.144389,3,33545.276491
17.30064,3,33584.699441
23.674981,3,33635.906826
44.21088,2,33702.899221
0.264216,3,33714.289173
7.936873,3,33750.781331
34.17845,3,33818.383629
12.967202,3,33850.933415
11.681965,3,33882.599293
38.193438,2,33955.71296
6.975325,3,33984.39864
30.256145,3,34068.296318
17.653892,3,34116.494427
11.924889,3,34175.601562
0.262871,3,34186.763051
7.961802,3,34231.993655
13.059821,3,34269.605631
34.549225,3,34336.068175
10.724986,3,34368.633426
7.571009,3,34405.881526
11.47382,3,34454.699955
37.018133,3,34517.406825
7.688645,3,34546.162694
0.293315,3,34556.803668
11.706043,3,34595.596823
0.108652,3,34605.728893
0.185135,3,34616.255191
0.407496,3,34628.402849
0.222983,3,34639.527944
0.161994,3,34650.598175
25.408406,3,34700.672891
27.914754,3,34764.487207
40.300852,2,34830.3868
8.367037,3,34857.374778
47.623202,1,34927.742435
18.545638,3,34980.634354
22.935931,3,35038.047477
0.175149,3,35050.141013
0.243067,3,35061.969737
39.364573,3,35128.829852
12.665841,3,35184.203936
6.80607,3,35216.940469
12.617254,3,35254.201953
5.688712,3,35292.193863
0.024214,3,35311.869474
0.386148,3,35325.886257
0.205008,3,35336.42183
4.366609,3,35360.961341
7.773711,3,35387.936656
22.791282,3,35449.451354
7.806716,3,35480.154582
46.619515,1,35542.928758
0.182667,3,35554.431857
5.635416,3,35585.716462
44.493264,2,35657.805004
4.786209,3,35682.191686
16.775643,3,35729.972263
44.545236,1,35803.878175
11.369108,3,35839.172076
20.286745,3,35899.751262
43.481358,3,35985.546583
6.940257,3,36008.828289
0.19776,3,36019.420036
0.385106,3,36031.547493
22.077213,3,36076.877055
0.158633,3,36089.568171
0.157026,3,36100.739424
0.184856,3,36111.904799
25.189862,3,36161.46255
40.024211,3,36249.045558
34.200553,3,36322.752798
1.279608,3,36339.347436
19.51414,3,36381.723816
17.187789,3,36428.481118
22.988295,3,36481.408679
6.881148,3,36507.004912
46.259013,1,36578.478235
19.558642,3,36623.973772
0.18844,3,36634.733921
7.216215,3,36664.144769
9.953529,3,36706.896649
16.187007,3,36747.446519
40.70923,2,36825.284471
0.132052,3,36836.145854
8.249543,3,36863.931675
37.094443,3,36946.265344
0.164471,3,36957.721648
0.071675,3,36968.917479
13.797394,3,37017.200796
5.491631,3,37048.613461
26.133811,3,37121.157018
6.804863,3,37147.497511
20.023473,3,37194.318149
9.385715,3,37225.809749
33.011748,3,37293.838866
17.942398,3,37331.800653
0.002022,3,37342.419785
19.416782,3,37387.307226
0.032597,3,37397.821199
18.581943,3,37437.158267
0.290856,3,37448.741483
41.919291,2,37510.04171
17.654883,3,37554.728866
25.28412,3,37613.53772
22.573415,3,37670.038511
4.677812,3,37693.629776
0.239448,3,37704.29
19.516859,3,37750.320308
8.171115,3,37788.867432
6.874028,3,37813.324753
0.209737,3,37825.498461
0.236881,3,37836.714585
0.29344,3,37848.837172
33.053898,3,37906.616271
29.803285,3,37966.337759
0.356822,3,37978.85038
35.819564,3,38048.642477
40.697859,2,38117.307083
0.203759,3,38130.081581
11.371613,3,38174.244441
0.188902,3,38185.512182
0.181712,3,38196.678018
0.444786,3,38210.81199
8.728107,3,38238.174864
40.990144,2,38308.006723
31.099938,3,38373.540833
9.407147,3,38404.366321
12.86172,3,38441.220743
0.493329,3,38454.089028
24.223168,3,38503.710154
25.338813,3,38563.449261
7.690752,3,38621.283923
0.196369,3,38632.370007
30.40073,3,38697.115312
0.229344,3,38707.965142
38.402849,3,38794.116712
10.849506,3,38829.680079
32.792962,3,38902.111689
42.069407,2,38970.437306
11.263539,3,39006.612106
2.385732,3,39050.001404
0.699591,3,39065.852447
0.127102,3,39076.968308
42.509313,3,39161.00511
27.921118,3,39218.669401
21.564521,3,39273.708293
2.224535,3,39292.397002
0.102993,3,39303.158015
0.171931,3,39313.508803
10.581655,3,39342.795234
23.722775,3,39405.850596
31.111153,3,39471.471562
0.506549,3,39493.37413
8.984234,3,39527.873283
0.73279,3,39543.680838
37.144135,3,39607.513544
43.069251,2,39680.124829
41.598399,3,39750.297231
19.646766,3,39807.447244
38.393242,3,39878.106851
0.194478,3,39890.05205
39.654021,3,39954.112926
0.093202,3,39965.341668
35.310415,3,40043.945032
19.616211,3,40088.49526
6.004877,3,40116.243442
39.043337,2,40183.618955
0.042359,3,40194.632913
0.326288,3,40207.192114
0.17886,3,40217.890441
5.745786,3,40247.341534
0.24872,3,40259.531389
7.52603,3,40285.13417
3.907103,3,40315.727792
36.500293,3,40382.405788
0.127564,3,40393.501567
11.119721,3,40428.971878
25.53081,3,40479.741424
14.174798,3,40529.322175
0.759315,3,40544.908163
18.845605,3,40592.870708
24.610838,3,40640.176944
0.201464,3,40651.577523
24.614346,3,40704.613652
36.139257,3,40774.655637
6.861091,3,40797.910801
25.797169,3,40854.553097
14.591097,3,40890.297167
25.591638,3,40944.581672
0.674884,3,40965.187888
35.005125,3,41030.145093
29.800554,3,41103.004801
28.66196,3,41171.126955
0.221631,3,41183.515834
0.512242,3,41198.598517
15.401518,3,41256.393153
10.38153,3,41297.224256
22.032989,3,41355.155061
40.220134,3,41428.600814
13.679758,3,41470.594849
0.097049,3,41481.300878
0.394041,3,41492.397722
4.028764,3,41521.208893
1.044815,3,41537.476046
0.568116,3,41550.948897
20.951131,3,41598.526999
15.05074,3,41645.54431
0.249585,3,41658.541776
18.800598,3,41710.359503
18.747216,3,41760.324022
9.113635,3,41791.210096
44.712665,3,41882.683178
0.223747,3,41896.019681
15.055105,3,41937.565878
12.254459,3,41971.451615
22.886461,3,42023.043168
38.641772,3,42091.767122
7.413048,3,42117.730114
16.86562,3,42159.068157
35.151883,3,42231.168818
17.674089,3,42277.012919
7.831586,3,42303.985044
0.099449,3,42314.720288
0.17389,3,42325.656904
0.116278,3,42335.807708
7.927364,3,42364.039524
6.586418,3,42388.170698
10.870689,3,42437.106555
39.106635,2,42503.591816
31.823592,3,42561.089826
22.762055,3,42609.674189
21.000431,3,42667.247454
44.286566,2,42741.100779
0.754958,3,42770.780505
2.22051,3,42798.188174
0.211373,3,42809.436792
28.511639,3,42864.335524
35.625166,3,42929.414621
0.115432,3,42940.879005
35.857979,3,43008.048551
7.909276,3,43050.064933
6.688221,3,43075.169813
8.399072,3,43104.194814
33.838021,3,43169.280844
41.132442,2,43248.2298
0.145077,3,43260.22857
13.393252,3,43295.391888
5.619976,3,43318.012053
7.318565,3,43346.423087
8.323145,3,43376.862686
12.37377,3,43442.246014
5.043386,3,43480.523918
5.891433,3,43529.35851
0.066133,3,43539.474002
7.583728,3,43574.994303
0.478067,3,43588.31111
14.488129,3,43626.578752
5.170517,3,43649.901652
6.656075,3,43680.484237
3.569244,3,43698.41708
3.599484,3,43717.01315
0.110625,3,43738.543136
0.257319,3,43750.645645
10.799952,3,43785.887386
12.190469,3,43822.278587
11.505217,3,43855.909222
0.110877,3,43868.225024
5.033642,3,43889.624952
0.226555,3,43900.034938
0.195138,3,43911.483961
8.043616,3,43938.647069
38.426317,3,44007.496631
5.700416,3,44032.60952
4.995777,3,44060.816164
17.172568,3,44103.232607
28.990435,3,44163.350769
0.192068,3,44174.387488
6.5435,3,44210.201768
4.471868,3,44258.391931
11.616566,3,44294.59978
33.577733,3,44362.633675
0.315136,3,44374.322556
27.455745,3,44431.651882
24.509608,3,44478.395283
22.049589,3,44530.502442
7.651574,3,44556.369811
32.434837,3,44631.91765
45.892031,1,44696.573892
28.696214,3,44759.359533
0.32293,3,44778.74659
19.267935,3,44835.577138
2.910692,3,44855.562494
25.063916,3,44926.664955
0.152024,3,44937.786784
0.292319,3,44950.00295
5.958431,3,44986.093782
6.086039,3,45013.115463
25.011745,3,45067.957269
6.65668,3,45113.215476
8.452301,3,45148.193444
0.149658,3,45166.458198
27.43721,3,45234.766448
22.78353,3,45286.104519
46.343842,1,45381.247434
1.691343,3,45411.910948
27.458508,3,45476.601391
17.171624,3,45517.70719
43.52806,2,45590.103697
35.136684,3,45665.875889
0.070397,3,45675.498378
45.765818,2,45749.914438
21.050626,3,45798.559194
15.085415,3,45845.530337
25.192677,3,45905.585844
21.669935,3,45956.218466
0.895589,3,45971.56636
42.419908,2,46047.655043
4.7633,3,46071.909022
8.809081,3,46104.659163
14.566547,3,46144.62881
4.658017,3,46169.070422
38.778044,3,46236.987096
0.101848,3,46247.893663
4.600293,3,46278.105866
0.094747,3,46288.205837
0.291135,3,46301.252024
38.76166,3,46383.676373
12.908077,3,46436.365518
15.573331,3,46486.758532
4.488243,3,46513.379042
0.457912,3,46527.475653
41.346349,2,46591.249556
8.304256,3,46619.908957
18.218396,3,46665.348401
34.255562,3,46730.86671
0.11715,3,46741.543391
26.233042,3,46805.134358
24.566054,3,46861.015688
0.615178,3,46873.233702
0.125332,3,46884.387681
19.677208,3,46929.822313
0.138569,3,46940.645688
5.622771,3,46965.237423
7.704994,3,46997.066686
0.29423,3,47008.473838
40.473582,3,47093.266659
19.269126,3,47138.14506
6.730966,3,47166.484344
32.538703,3,47242.419257
24.610782,3,47294.218478
42.949019,2,47370.673811
22.670706,3,47426.848037
30.412546,3,47490.731777
0.185291,3,47502.55506
5.802145,3,47530.645305
27.191079,3,47590.02088
0.195562,3,47602.057111
0.394091,3,47613.649079
8.159113,3,47640.623227
8.942349,3,47675.464095
20.040084,3,47731.895179
6.787131,3,47763.360011
20.550095,3,47806.170845
13.239166,3,47844.713634
7.837646,3,47872.121217
8.275196,3,47914.852516
4.699917,3,47938.109603
6.722628,3,47965.808054
9.526547,3,48003.840697
8.037349,3,48038.6169
5.822069,3,48064.862921
0.148386,3,48076.56196
38.183376,3,48145.810731
25.833284,3,48211.375529
0.571545,3,48224.297766
0.250076,3,48235.623416
0.368269,3,48248.66972
15.009447,3,48284.918881
17.179907,3,48332.724331
0.417292,3,48344.181767
40.850952,2,48412.289093
28.026547,3,48480.442484
0.128695,3,48491.08352
7.767946,3,48527.480994
0.302935,3,48540.774148
1.725094,3,48580.036728
0.077304,3,48591.353745
0.122312,3,48612.820642
42.527365,2,48683.473665
0.128616,3,48693.942036
0.470022,3,48707.487162
19.566695,3,48768.299073
23.420656,3,48827.974629
0.266198,3,48839.317028
5.175648,3,48865.042978
35.07377,3,48932.420352
9.443016,3,48964.530211
5.991493,3,48986.59252
7.780977,3,49015.931807
0.065966,3,49027.276982
0.173052,3,49048.816932
22.892944,3,49106.720475
0.190213,3,49117.480525
0.497484,3,49129.920913
25.343075,3,49191.150887
46.544454,2,49282.467123
11.403213,3,49318.776255
39.444725,3,49396.083493
28.32297,3,49456.721964
34.708369,3,49516.751817
37.112848,3,49581.810584
27.399711,3,49639.33812
18.896771,3,49694.023835
11.737464,3,49728.713871
25.890731,3,49777.967818
12.237438,3,49812.761468
0.234055,3,49834.829995
14.690484,3,49873.987427
0.099694,3,49884.851803
0.141431,3,49894.40138
2.17041,3,49913.128335
6.490966,3,49940.02036
28.488052,3,50005.171956
8.111788,3,50033.619485
38.875687,2,50098.171598
21.928012,3,50146.381309
39.404491,3,50232.438231
44.727051,1,50298.58988
6.412772,3,50326.982068
26.806727,3,50383.546535
0.247033,3,50395.155925
16.328444,3,50440.895425
0.231131,3,50453.826305
31.554226,3,50534.797775
0.059443,3,50546.164647
14.359755,3,50582.260072
0.223151,3,50594.301232
47.20859,2,50684.039585
5.062788,3,50719.329342
5.703775,3,50744.201979
19.085945,3,50789.421339
28.607825,3,50852.417272
7.45134,3,50879.90787
12.064909,3,50921.743089
16.5758,3,50971.332377
20.61652,3,51029.03248
6.643361,3,51061.713911
27.14114,3,51128.424195
15.391321,3,51165.506745
5.536121,3,51191.138061
8.77356,3,51221.058828
0.208347,3,51232.470149
35.921239,3,51298.577613
40.247748,2,51364.456917
7.278858,3,51404.799103
6.060213,3,51438.60206
33.29321,3,51510.934746
0.562261,3,51523.705856
32.17941,3,51585.613142
4.569401,3,51627.662282
33.60665,3,51692.025529
8.05326,3,51719.877246
33.302399,3,51779.290072
33.978768,3,51843.714601
22.069541,3,51895.853765
10.698062,3,51927.759715
0.180143,3,51939.866847
0.225712,3,51951.309277
12.103863,3,51991.208044
12.809785,3,52026.943831
26.29466,3,52081.083714
23.611735,3,52130.408225
0.152928,3,52141.179247
37.115815,3,52207.435392
7.396681,3,52236.578087
5.601616,3,52257.592316
32.353737,3,52319.745651
1.031869,3,52337.247568
35.537936,3,52406.277037
8.916193,3,52444.679879
9.256668,3,52475.813699
0.388422,3,52487.79254
5.335812,3,52511.02685
36.853122,3,52575.738634
22.037631,3,52631.437853
40.407395,3,52704.900229
36.831736,3,52771.289037
0.686982,3,52793.420764
8.492298,3,52823.746798
41.643696,2,52888.154667
37.525678,3,52958.783313
0.160835,3,52969.152801
0.184772,3,52980.553105
0.234603,3,52993.233475
8.110209,3,53022.607725
28.520674,3,53092.254159
0.223342,3,53104.381278
30.948514,3,53162.273211
0.091551,3,53173.23237
0.120427,3,53183.697242
0.133888,3,53194.983704
27.991949,3,53265.228468
12.315018,3,53312.48786
21.437514,3,53360.551451
0.097785,3,53371.247045
13.65056,3,53410.09678
39.963198,3,53489.421475
23.341462,3,53538.656372
0.198017,3,53550.574476
35.928881,3,53613.487342
23.765881,3,53659.200594
22.552918,3,53709.642372
0.287814,3,53720.597811
7.320604,3,53747.110222
0.377433,3,53768.536831
7.408833,3,53800.110466
15.602983,3,53846.632197
0.524078,3,53858.962841
43.800688,2,53944.240454
7.402884,3,53971.633702
16.614797,3,54012.711285
26.500006,3,54064.458152
0.105925,3,54075.727129
22.009478,3,54152.304636
0.131903,3,54164.213474
0.453175,3,54178.24814
22.803668,3,54236.875894
8.752733,3,54278.093672
8.268191,3,54313.036632
30.506818,3,54380.653857
45.098471,2,54445.327068
22.752184,3,54497.578614
0.160514,3,54508.618921
37.669232,3,54596.578369
44.395844,1,54668.535909
11.178785,3,54702.068043
42.379743,2,54774.620425
5.416675,3,54799.067616
3.441496,3,54819.357402
12.797901,3,54857.955348
4.75581,3,54891.320067
0.101414,3,54901.903109
19.221363,3,54951.920627
0.034233,3,54962.728886
47.556212,1,55037.311224
46.894658,1,55121.819211
0.135675,3,55133.500459
47.193132,1,55216.159595
41.61711,2,55281.212501
6.008535,3,55305.49548
4.882897,3,55342.932537
39.124384,2,55410.593056
44.64716,1,55477.722133
17.165873,3,55534.851151
18.575481,3,55580.810936
0.236246,3,55590.134819
6.903733,3,55614.774921
40.810121,3,55709.604331
25.0845,3,55764.2751
41.581158,2,55829.016291
35.793498,3,55894.029282
6.322713,3,55921.148023
5.220893,3,55966.079765
44.345004,2,56034.444359
2.775982,3,56055.788033
7.811311,3,56082.874328
34.202573,3,56169.427346
12.887475,3,56203.299775
6.074803,3,56239.32934
23.604395,3,56296.056919
23.829957,3,56356.21694
38.860246,2,56419.098063
34.222743,3,56485.074495
21.360167,3,56539.045645
32.58623,3,56608.860686
0.387237,3,56621.252775
0.093226,3,56631.32502
40.103668,2,56706.777203
20.73422,3,56779.956083
32.507695,3,56847.639794
24.961254,3,56896.972126
0.208118,3,56908.729121
16.464446,3,56980.889886
16.516692,3,57023.608015
37.601965,3,57087.6537
33.388766,3,57151.078783
41.068063,3,57213.47113
44.424528,3,57303.737316
15.177504,3,57350.740388
37.819582,3,57420.582348
7.31115,3,57448.040728
18.383816,3,57494.690054
40.250587,3,57562.978564
21.202241,3,57613.534591
29.895355,3,57693.322111
6.156764,3,57736.887043
37.49677,3,57811.199703
13.684274,3,57851.389921
39.859153,3,57939.634048
0.414328,3,57951.576743
6.508598,3,57988.873827
27.16907,3,58050.507187
42.79008,1,58123.294948
19.404557,3,58185.218823
38.054544,3,58255.698837
40.09256,2,58337.870656
0.176214,3,58349.140442
6.781618,3,58382.507359
19.105791,3,58428.946203
31.972673,3,58506.052771
0.247868,3,58518.233712
8.255214,3,58561.020398
18.186411,3,58610.303352
28.996586,3,58676.994726
0.145605,3,58688.355741
23.989488,3,58746.46504
8.329672,3,58774.90617
32.938032,3,58875.424875
11.746372,3,58915.273295
35.103217,3,58994.215272
23.823596,3,59047.559445
47.200561,1,59115.208782
11.526758,3,59161.557324
11.311933,3,59198.836258
7.92973,3,59237.06685
36.563835,3,59314.576224
10.42803,3,59348.630461
0.518695,3,59363.529947
51.168621,1,59457.175679
7.233093,3,59497.969609
37.281086,3,59566.425793
27.149522,3,59623.828581
7.77073,3,59658.765447
23.541733,3,59711.104921
33.535517,3,59775.776518
39.011653,3,59851.591774
0.115231,3,59863.295079
43.343859,2,59948.467648
