#{"t_start": 1627473514.7806098, "env_id": null}
r,l,t
9.768967,3,43.001858
11.797677,3,77.751447
15.156784,3,113.037694
1.083316,3,135.273581
15.896726,3,167.29055
35.368939,3,228.875041
29.718475,3,287.539456
10.587063,3,321.115383
5.736404,3,342.492477
1.524917,3,356.78693
21.123549,3,401.055413
35.842665,3,464.307151
24.294384,3,508.045913
11.985499,3,536.820864
32.079565,3,603.50868
1.53628,3,619.131699
3.357287,3,636.960852
20.32945,3,675.199303
13.936504,3,709.909711
45.624106,1,777.287297
12.688787,3,829.533566
18.95954,3,869.905529
3.677397,3,888.76963
14.755808,3,923.820021
8.226508,3,952.452658
3.447385,3,971.70499
9.421755,3,999.705749
30.032165,3,1053.765156
3.766566,3,1070.064943
20.350165,3,1113.894489
4.480094,3,1139.534685
17.103472,3,1180.536828
11.47783,3,1208.402573
27.259977,3,1264.105189
20.842753,3,1312.436264
6.101443,3,1336.427448
10.246008,3,1369.13449
14.982777,3,1415.870739
5.078479,3,1436.65316
26.670962,3,1511.910276
44.731294,1,1581.415599
23.111312,3,1634.981807
42.734834,2,1702.671911
40.25227,2,1771.186149
10.767306,3,1799.781241
15.066341,3,1833.118246
2.407847,3,1847.977045
20.586033,3,1885.719493
8.052909,3,1915.381402
13.233631,3,1947.879845
22.064033,3,1989.589197
11.512636,3,2023.189698
1.505673,3,2036.189089
17.291836,3,2083.595303
18.502979,3,2125.05943
12.520358,3,2160.238046
43.988534,1,2228.089046
44.935841,2,2301.141836
8.854122,3,2326.137656
26.598872,3,2378.41968
30.784872,3,2432.814644
1.68257,3,2456.993806
14.176978,3,2490.844023
17.521473,3,2533.317465
15.189829,3,2566.710936
5.794327,3,2588.752642
45.951207,1,2657.440912
33.96537,3,2716.560163
20.955696,3,2756.250496
9.959504,3,2784.730402
23.818966,3,2843.518042
21.114932,3,2886.128938
26.086717,3,2938.541734
47.216778,1,3007.111354
42.661298,2,3075.372859
4.388828,3,3093.851711
25.441774,3,3139.946093
41.004403,3,3211.930761
4.968394,3,3233.473061
13.503258,3,3267.821823
38.247512,3,3334.588104
47.976136,2,3403.13666
38.653505,3,3471.582677
2.112435,3,3486.950057
10.565281,3,3514.01628
6.790622,3,3536.854889
43.079092,1,3603.524684
37.704777,3,3672.672755
8.195624,3,3696.917773
33.212146,3,3757.518646
34.919694,3,3828.015564
40.535335,2,3892.71551
15.66096,3,3924.19991
44.675484,1,3988.365547
7.115558,3,4012.336541
43.657177,2,4078.622941
46.509628,1,4146.272178
28.347233,3,4194.832287
35.586681,3,4254.076772
2.022008,3,4268.843312
36.226527,3,4331.166625
47.56055,1,4398.671385
19.888786,3,4437.723776
40.600382,2,4503.363162
14.020322,3,4540.499773
44.023178,2,4606.137192
19.928325,3,4642.302409
9.171695,3,4677.772746
23.092838,3,4725.656046
47.306959,1,4791.989341
16.976073,3,4826.484447
46.322325,1,4890.560898
20.495146,3,4929.179487
44.552195,2,4994.451139
10.561818,3,5023.693398
39.234015,3,5088.162823
46.457452,1,5154.09005
26.70044,3,5204.270834
15.805873,3,5236.642082
1.5114,3,5252.671652
20.314624,3,5289.074726
19.214429,3,5325.220696
42.933208,2,5386.646061
20.513881,3,5425.072876
31.036014,3,5491.506436
14.286467,3,5521.813772
13.803033,3,5563.547742
22.668704,3,5604.328498
21.634017,3,5648.10588
43.262528,1,5713.012459
41.623867,2,5779.78781
8.241162,3,5805.433163
30.848388,3,5858.851205
20.585731,3,5902.670429
24.424525,3,5945.943976
44.725229,1,6012.086214
12.625132,3,6040.540376
1.275182,3,6052.858755
19.146795,3,6096.048763
1.903937,3,6110.658046
39.553248,3,6171.634319
21.965505,3,6212.792873
14.439573,3,6245.932898
39.90105,3,6312.528304
39.608417,3,6379.541404
17.210711,3,6425.424374
47.21212,2,6490.918369
39.622017,3,6555.074199
23.484187,3,6603.106666
45.84824,2,6667.536472
43.240368,2,6731.728295
41.252415,2,6797.611572
0.982666,3,6811.208921
18.132595,3,6849.541362
27.246355,3,6906.640056
45.457593,1,6969.521513
42.485061,2,7034.921127
47.172415,1,7101.896476
28.7787,3,7151.791717
1.684557,3,7167.125169
34.29602,3,7222.180271
13.6698,3,7252.731267
17.155943,3,7306.212097
42.376901,2,7371.40554
23.952795,3,7413.305974
46.723243,1,7480.622763
14.556782,3,7521.746051
23.60189,3,7570.494604
43.007521,3,7635.590077
42.36891,3,7699.948906
44.983919,2,7767.210301
9.324153,3,7788.269113
42.997662,3,7852.155636
43.437961,3,7917.481066
28.534514,3,7976.441084
40.181178,3,8039.89299
21.359659,3,8079.614791
23.639908,3,8126.033572
42.412868,3,8192.29142
27.644235,3,8240.175323
43.585823,2,8307.161202
26.414652,3,8356.303752
28.398777,3,8410.867018
4.15097,3,8428.425375
24.856582,3,8472.159567
42.521161,3,8540.004694
43.270681,2,8607.207315
38.302776,3,8673.828937
6.499577,3,8695.229377
40.666842,3,8763.67874
29.227437,3,8816.976781
24.07842,3,8866.231061
40.053363,3,8933.23432
50.680181,1,8995.790628
14.465324,3,9032.730307
46.914333,1,9097.161306
0.765191,3,9110.556695
7.736605,3,9132.36681
34.990376,3,9190.133943
13.781751,3,9222.181145
1.561626,3,9242.160316
28.476336,3,9291.855779
17.692646,3,9327.927121
43.450213,2,9393.504997
43.257563,2,9458.73045
16.718008,3,9490.862241
45.526398,3,9557.441408
42.240251,3,9619.750116
19.317323,3,9658.339605
29.338977,3,9714.435437
39.58133,3,9773.104922
38.70481,3,9835.15849
26.154386,3,9885.997649
42.72006,2,9953.110862
43.307146,1,10020.457755
8.855353,3,10050.024296
34.568797,3,10111.150754
40.010758,3,10176.805147
41.265668,3,10243.936068
41.899824,3,10310.9434
51.264084,1,10375.421333
42.294417,3,10442.87102
31.748312,3,10497.305909
19.435793,3,10534.602381
36.998756,3,10600.424676
47.551847,2,10665.555763
39.301728,3,10725.11027
38.610394,3,10790.994279
25.675505,3,10835.127135
25.865198,3,10891.315795
43.954589,2,10959.199912
48.077463,1,11025.874614
38.681663,3,11094.624868
45.013688,1,11158.842398
40.316236,3,11222.774153
45.062853,1,11288.509828
4.932277,3,11311.713837
40.757585,3,11378.769106
46.479296,1,11446.085937
2.460127,3,11461.607206
12.08607,3,11493.309589
10.429918,3,11525.622211
4.372602,3,11544.45688
18.392995,3,11581.891037
13.643106,3,11616.862627
46.246281,2,11685.539047
13.035092,3,11717.054556
11.561065,3,11744.15473
40.711345,2,11810.681069
8.174642,3,11868.690685
18.641216,3,11907.148743
37.733876,3,11968.078824
44.385565,1,12035.07572
6.462149,3,12054.579699
38.976062,3,12127.704287
11.646091,3,12154.761597
19.622848,3,12195.630666
28.656761,3,12258.852423
22.863107,3,12312.927689
24.591017,3,12355.598431
8.19281,3,12381.564159
40.980876,2,12447.645959
8.819822,3,12471.198827
13.034725,3,12501.378143
47.237774,1,12564.886198
28.419827,3,12621.514098
11.730554,3,12647.451262
47.260033,1,12712.840873
25.132332,3,12764.000479
19.047535,3,12803.477491
17.700536,3,12837.312838
49.273667,1,12902.378865
46.166573,2,12968.706473
41.906515,3,13035.154506
6.672145,3,13067.262816
22.567169,3,13109.955098
40.848519,2,13178.137541
42.040245,3,13242.006134
6.173411,3,13263.390057
46.348805,2,13327.982414
33.61122,3,13383.268713
26.37374,3,13441.415916
44.346635,2,13504.973597
46.275622,2,13568.820771
46.791923,2,13632.008106
47.640388,1,13698.250395
43.140283,1,13763.226848
42.727855,3,13835.293357
15.025665,3,13869.221715
6.399982,3,13892.425593
38.897636,3,13952.206236
44.546132,1,14017.336829
43.966555,2,14081.152079
40.418832,2,14144.457432
47.665584,1,14210.088191
28.253141,3,14264.372813
42.586004,3,14330.303276
45.52467,1,14395.492449
43.40428,2,14463.537231
48.220389,1,14527.734435
47.482675,2,14591.8385
43.034245,2,14655.97125
43.947088,3,14723.752671
34.038272,3,14787.349591
43.81757,1,14851.920584
9.644461,3,14881.188179
18.746256,3,14918.659652
44.002678,2,14985.865647
34.071785,3,15048.038404
26.703814,3,15096.512675
14.1809,3,15131.151254
45.029776,2,15198.407622
35.351594,3,15262.573863
46.127672,2,15328.809647
45.925266,2,15394.375612
39.519088,3,15461.304741
8.552024,3,15487.865132
40.989431,3,15555.136406
42.817501,2,15621.126806
30.128958,3,15669.396723
46.026305,2,15735.10725
47.00478,2,15799.341257
21.856039,3,15845.918308
38.414512,3,15909.946437
45.702203,1,15974.704677
27.162709,3,16024.867539
44.685713,2,16088.468461
46.354844,2,16152.884248
41.267131,3,16219.997958
42.559899,2,16285.716203
49.483267,1,16349.654766
44.613854,2,16415.650633
41.038566,3,16481.478969
43.821372,1,16545.797219
1.96378,3,16559.457546
24.177094,3,16602.262302
16.993678,3,16635.034951
43.18863,2,16699.836242
39.504659,3,16767.741636
14.981134,3,16804.27261
3.638529,3,16825.812378
43.099576,2,16890.017863
47.441371,1,16955.102792
44.990673,2,17020.430434
35.375839,3,17086.240174
49.458204,1,17149.81408
37.470792,3,17212.186817
12.631009,3,17252.636365
2.36995,3,17281.878448
30.591867,3,17338.317753
32.746872,3,17398.853191
40.630877,3,17464.208157
45.905414,2,17527.365198
18.525937,3,17563.157227
32.078008,3,17622.702497
49.014176,1,17687.946964
24.986406,3,17731.805406
37.099033,3,17794.846795
49.764774,1,17859.665125
32.360746,3,17919.307842
41.398741,2,17986.052245
15.65225,3,18020.089067
47.261749,1,18084.286232
29.389776,3,18137.221735
44.152745,3,18204.954769
35.443011,3,18265.782266
40.055417,3,18332.911851
24.53433,3,18387.983188
29.669661,3,18453.590399
49.535197,1,18520.322687
37.677591,3,18586.765579
47.033637,2,18655.911071
27.417238,3,18719.936359
41.468123,3,18785.745755
1.975355,3,18807.232978
23.5791,3,18851.351374
46.461791,1,18917.378534
14.807038,3,18951.509982
45.319883,2,19017.607423
45.388937,1,19083.502844
2.245388,3,19099.377096
47.038626,2,19166.874074
40.996182,3,19233.973352
45.24421,2,19297.548614
47.78832,1,19363.007201
28.601016,3,19410.652716
8.994425,3,19438.920595
45.359523,1,19505.351331
36.273433,3,19567.86286
43.964692,2,19631.80118
40.3336,3,19699.743451
47.547972,1,19767.739986
49.629214,1,19832.778722
43.360218,2,19898.288282
32.948244,3,19951.698593
47.431566,2,20016.455172
23.873611,3,20063.820358
36.035059,3,20122.775254
35.043523,3,20183.503298
17.965366,3,20221.587516
47.554738,1,20286.849872
45.731215,2,20351.696018
41.264058,2,20419.165346
34.736897,3,20477.809173
24.239429,3,20525.951135
26.0144,3,20570.664225
23.32735,3,20615.864835
49.295921,1,20680.386628
43.850498,2,20744.038361
20.883597,3,20789.482719
47.787537,1,20853.988247
45.584618,2,20920.069846
42.809708,2,20986.157331
51.348086,1,21052.2233
40.080276,2,21120.729998
44.285095,2,21186.656158
49.881004,1,21250.961903
21.077785,3,21291.331589
43.938967,3,21359.555037
45.43817,2,21424.435839
42.876802,3,21488.91311
38.733653,3,21560.294647
37.637654,3,21621.253788
42.549534,3,21693.422182
46.186309,1,21759.21898
44.647131,1,21826.934311
27.932728,3,21875.672967
13.951845,3,21906.811169
26.005293,3,21957.995399
36.151045,3,22017.295036
46.412912,1,22082.624164
9.7281,3,22111.066655
47.670527,1,22175.776983
50.847894,1,22240.483709
23.060615,3,22309.803962
27.693124,3,22375.898586
38.167777,3,22444.139528
33.47894,3,22499.352865
42.474432,2,22567.100235
39.595009,3,22632.970097
43.445836,2,22698.836812
46.267852,1,22766.608658
38.878816,3,22830.8179
47.420371,2,22899.217235
15.237452,3,22933.872772
49.893664,1,22999.536886
37.465026,3,23073.092938
46.838503,1,23138.178572
9.344978,3,23165.746119
42.655659,2,23230.291358
8.622781,3,23259.340219
46.957992,1,23325.636298
13.555349,3,23366.062759
44.512488,2,23435.423593
42.806148,3,23510.292365
37.303168,3,23569.259809
3.215137,3,23585.169641
32.256146,3,23639.604882
48.514472,1,23707.768101
16.34871,3,23746.982326
45.334699,1,23813.150061
46.092601,2,23878.383586
20.504839,3,23932.150077
33.68038,3,23997.531672
46.502367,1,24065.274928
43.757503,2,24131.657225
21.81261,3,24170.474513
48.619375,1,24233.796284
38.681272,3,24300.721266
46.151838,1,24365.61615
45.266074,1,24428.111843
41.1191,3,24501.874913
10.299822,3,24529.572767
13.409228,3,24563.054279
41.543651,3,24629.548758
43.948348,2,24695.55664
40.760632,3,24767.289112
18.003912,3,24806.750445
42.300393,3,24871.488099
10.937647,3,24910.318455
43.329114,2,24977.211579
22.13009,3,25025.228098
43.680614,3,25092.860339
40.478176,3,25159.777418
48.518747,1,25226.670618
46.933171,2,25291.656747
5.939141,3,25312.810765
47.696372,1,25379.944219
33.794568,3,25447.098489
33.019238,3,25509.003299
11.50088,3,25540.562027
43.104177,2,25607.44087
47.810982,1,25674.193757
38.197113,3,25756.705245
47.533756,2,25821.441094
48.701364,1,25887.919905
11.481037,3,25935.698447
42.376479,2,26002.100191
23.604807,3,26049.765546
7.791495,3,26074.60873
41.379868,3,26141.8085
7.336351,3,26162.550113
5.623394,3,26187.008885
23.772046,3,26232.249078
47.817414,1,26300.049721
46.000742,1,26364.507514
45.970386,1,26430.90907
46.375808,1,26495.848877
19.448715,3,26532.180155
45.029604,1,26597.49758
43.002949,2,26663.643577
41.206021,3,26726.387464
43.532996,2,26791.931282
46.763454,1,26854.987761
39.342963,2,26922.121207
38.359184,2,26988.470295
44.614632,2,27054.683877
50.83505,1,27121.975174
46.263832,2,27190.895277
34.722678,3,27250.552213
38.208252,3,27320.609192
46.668871,1,27386.734371
43.418549,1,27451.771999
10.188093,3,27493.053114
23.323884,3,27549.22573
46.614117,2,27614.954941
48.2986,1,27682.241509
11.300518,3,27710.567412
48.901855,1,27773.384329
1.819851,3,27788.879011
37.674097,3,27853.967191
45.412285,2,27916.481372
45.653606,2,27981.09706
20.061912,3,28023.427149
40.712747,3,28087.528735
29.169412,3,28138.532847
44.384055,1,28205.12352
26.669322,3,28256.003048
34.520083,2,28324.378675
41.686838,2,28394.500644
43.520192,2,28460.422999
42.261369,2,28525.879608
38.672714,3,28592.874503
35.014528,3,28651.888979
29.136114,3,28707.053456
9.580274,3,28739.232929
21.083933,3,28777.842338
45.803822,1,28842.756165
14.609643,3,28877.816571
24.828124,3,28921.655922
42.100425,3,28988.729456
47.792199,1,29055.678661
44.059447,2,29123.020439
46.877699,1,29189.918686
50.802661,1,29254.558091
39.013743,3,29316.123712
45.41499,1,29382.175541
16.536626,3,29415.822161
46.170619,2,29485.401895
41.090376,3,29553.648157
47.817247,1,29618.796216
6.709259,3,29639.066894
7.270676,3,29662.128788
50.544937,1,29728.24616
20.356497,3,29779.806999
27.024141,3,29840.52269
24.38602,3,29884.862847
23.204977,3,29932.419571
47.498719,1,30000.628478
28.05395,3,30048.573199
45.244172,2,30114.052239
46.724796,1,30178.647057
43.478108,2,30246.399462
30.496059,3,30299.483588
47.627671,1,30364.082151
42.322961,2,30432.59661
16.423415,3,30466.677953
5.907776,3,30491.371756
43.493445,1,30557.48842
48.050191,1,30621.511496
33.448282,3,30674.594361
41.144601,3,30744.104093
23.915563,3,30790.618067
42.89629,2,30856.634398
50.178841,1,30922.489473
18.29965,3,30962.194632
15.335744,3,30994.224292
45.297711,2,31060.10264
46.314794,1,31126.950822
38.343548,3,31187.432982
46.979775,1,31252.281815
43.955817,2,31317.572283
40.897687,2,31385.062632
11.148486,3,31421.20773
41.220216,3,31488.093219
22.921374,3,31531.948216
43.672912,2,31597.804234
44.554111,3,31665.919158
40.518995,3,31732.024081
43.981007,1,31797.829754
10.382589,3,31825.598188
44.265086,2,31890.359618
47.481581,1,31956.759381
42.191695,3,32022.14652
13.469155,3,32053.472262
38.270502,3,32120.740425
45.110397,2,32184.256656
2.121153,3,32198.797233
50.712552,1,32263.83434
41.286572,2,32329.098182
48.247916,2,32393.761939
15.828294,3,32431.170894
43.225226,2,32500.696604
20.05785,3,32538.279983
40.583824,2,32602.76577
33.954303,2,32670.871071
8.10984,3,32703.694179
38.863729,3,32772.09983
50.097359,1,32838.009001
41.900297,2,32902.914831
7.179786,3,32923.765944
35.98565,3,32989.592613
44.701433,2,33056.675176
40.228873,2,33124.573406
49.584506,1,33189.141127
42.328923,2,33254.27106
47.581353,1,33323.097151
36.862081,3,33391.458765
47.821032,2,33456.188509
37.569948,3,33525.776169
48.664609,1,33592.188765
39.299341,3,33657.126436
47.946662,1,33723.708798
20.552946,3,33773.542563
44.055344,2,33840.558582
44.54782,1,33905.443571
7.242923,3,33938.345022
22.02305,3,33982.936352
45.925568,1,34048.977226
38.276098,3,34115.766225
32.988433,3,34175.434129
37.306612,3,34243.583172
36.950494,3,34308.588345
48.270774,1,34378.725942
41.359699,3,34445.268772
44.756214,2,34514.477041
45.522587,1,34578.010147
40.112289,2,34643.460264
43.381209,2,34710.432965
11.323704,3,34738.154367
49.394082,1,34802.944535
25.706703,3,34858.014298
45.054788,1,34928.292197
40.749528,3,34993.393458
6.324254,3,35021.388681
43.110161,3,35100.557933
16.164879,3,35133.049281
39.554278,2,35199.790998
45.226866,2,35265.533318
24.09136,3,35308.268698
45.963684,1,35373.885143
48.409409,1,35440.256631
38.963431,2,35506.041298
26.106983,3,35554.317232
42.164817,2,35618.498315
38.167426,3,35695.375693
43.517131,2,35759.569827
8.464494,3,35788.526578
43.415929,2,35854.989671
47.42332,2,35918.643488
34.010597,3,35991.098154
14.328338,3,36030.040813
39.17288,3,36090.594735
47.498637,1,36155.754589
44.44001,2,36222.819878
44.165292,1,36289.647228
47.953932,1,36355.711133
22.422817,3,36400.938854
44.282674,2,36468.822246
47.293122,1,36533.811007
11.803281,3,36564.951004
50.93331,1,36629.790408
44.681277,2,36694.587335
19.9211,3,36733.558717
48.093322,2,36799.383807
38.861837,2,36866.493383
45.361201,2,36932.62436
38.179696,3,36999.751998
38.498528,3,37078.661973
9.081723,3,37106.666797
38.992142,3,37173.816842
44.675414,2,37240.729592
44.890171,2,37307.645985
46.340758,2,37374.513997
18.138817,3,37416.005967
24.387328,3,37457.824736
2.313704,3,37473.242696
37.864966,3,37538.480571
38.939567,3,37605.317019
42.768185,3,37674.325653
6.317516,3,37705.256305
44.945619,1,37770.610729
49.631131,1,37835.594823
25.528984,3,37881.305581
38.928382,3,37944.145904
46.787455,1,38010.27654
30.218045,3,38064.74665
43.527659,3,38133.924063
43.31892,2,38198.727757
50.770814,1,38264.516862
46.289258,2,38330.620185
46.637246,2,38393.660292
34.12246,3,38454.918565
15.814724,3,38489.261479
48.40048,1,38552.885343
31.737614,3,38607.70508
42.570198,1,38674.538697
32.379969,3,38729.720015
36.86019,2,38798.527318
42.090017,3,38864.05843
46.898232,2,38928.677633
40.666387,3,38995.486567
44.546831,2,39061.229589
4.50568,3,39094.833067
16.687432,3,39136.735148
44.334933,1,39201.885264
46.38074,1,39268.953124
31.916872,3,39323.598614
46.946031,1,39388.942997
20.99821,3,39433.563513
40.621562,3,39500.715465
49.36202,1,39566.196436
48.631195,1,39631.585943
10.760992,3,39660.607204
40.967895,3,39726.971794
45.957565,1,39791.079581
45.668178,1,39858.339165
2.164233,3,39873.342859
48.000984,1,39937.521801
4.62268,3,39958.697157
35.477057,3,40017.175667
41.59403,3,40085.143175
47.909768,1,40150.068144
46.252049,1,40215.619324
28.163939,3,40270.888563
47.255413,2,40337.477034
44.622758,2,40402.445787
37.361553,3,40462.211655
38.366306,2,40528.724271
46.484821,1,40592.500566
20.704021,3,40631.727409
49.851802,1,40697.157645
50.112008,1,40761.283941
44.089853,1,40828.156354
41.772846,2,40894.32511
49.38523,1,40957.969076
40.590006,2,41022.215212
47.485598,1,41090.867115
46.001904,1,41158.442868
41.430342,3,41228.78517
41.052391,2,41296.511194
51.659822,1,41363.842861
38.44153,3,41431.657741
46.849088,1,41496.932253
47.374937,1,41561.937101
47.536074,1,41627.578434
1.77146,3,41645.746451
22.463849,3,41693.02914
25.106342,3,41744.588033
21.82721,3,41787.772855
40.710677,3,41854.586168
45.636349,1,41918.991789
31.081746,3,41975.471026
40.122912,3,42041.127619
49.108741,1,42106.012245
34.577613,3,42167.087942
19.136297,3,42205.343421
42.660901,3,42270.416747
26.56759,3,42319.981121
41.145017,2,42385.897244
49.043602,1,42451.648015
41.417747,3,42521.045691
14.698599,3,42556.798122
38.137127,3,42620.949079
45.43679,2,42684.849542
41.595751,3,42749.583773
10.861185,3,42777.357522
20.44342,3,42817.050267
17.409714,3,42856.212925
45.013476,2,42920.027544
33.605017,3,42982.342117
13.289045,3,43018.600496
43.690618,2,43084.309975
51.514224,1,43152.358789
40.733672,3,43219.834866
49.706174,1,43284.556205
26.195554,3,43338.6606
49.489942,1,43401.33687
46.020122,1,43465.817698
46.005678,2,43530.764745
47.88769,1,43596.746563
41.285652,3,43665.355044
46.981552,1,43731.985612
40.768999,3,43798.40177
46.328675,2,43863.985531
10.118229,3,43892.941098
41.669782,3,43960.017363
44.117593,2,44028.286313
18.340651,3,44066.128442
36.294809,3,44126.95251
46.010774,2,44193.215758
17.966958,3,44237.190506
39.679544,1,44307.269331
39.399341,3,44371.093923
17.147832,3,44408.539015
48.250662,2,44474.950482
30.539463,3,44538.260144
35.462924,3,44598.451103
24.718723,3,44667.434271
45.701936,2,44730.409506
46.451649,2,44794.59023
31.323509,3,44851.419169
32.636198,3,44905.49756
44.013693,2,44971.652419
38.595643,3,45033.987669
45.60171,2,45099.327492
17.207606,3,45133.831812
6.596592,3,45156.689667
44.659697,1,45224.419065
28.399808,3,45276.264619
32.893487,3,45350.57539
45.360077,2,45419.26646
47.012835,1,45485.204007
40.714275,3,45550.388398
39.412507,3,45616.274055
31.373744,3,45671.729627
32.147495,3,45726.577421
48.381221,1,45791.829563
36.709672,3,45857.049367
39.79873,3,45925.016041
47.66536,1,45989.054701
44.514925,1,46054.095535
45.815237,1,46120.595883
41.110251,3,46184.971862
25.569384,3,46235.241051
40.255806,2,46300.242476
23.531005,3,46349.663658
41.853654,3,46413.466053
38.308498,3,46482.041581
27.512861,3,46530.045063
40.630793,3,46596.244874
40.603693,3,46661.474153
49.54109,1,46726.468979
46.563711,1,46791.382707
46.924767,1,46856.49057
16.49859,3,46893.166614
48.362737,1,46958.928658
17.040961,3,46990.681504
44.553019,2,47057.614424
10.956166,3,47084.808477
48.736072,1,47149.738945
42.556137,2,47214.44112
47.92739,1,47281.343709
44.132259,1,47350.475262
28.243013,3,47400.493563
46.415826,1,47463.337917
44.561511,2,47528.84821
38.87265,3,47595.243378
47.451974,1,47661.404779
43.23083,3,47728.48028
29.538396,3,47782.765583
47.212424,1,47850.341402
45.242641,2,47914.714787
42.863677,3,47980.251808
39.911468,3,48042.771538
45.412788,2,48106.819629
48.832984,1,48168.999674
41.747767,2,48234.213131
9.833001,3,48261.411323
41.788746,2,48326.967957
26.301907,3,48384.645133
48.190562,1,48448.433713
44.342928,2,48514.380806
44.628969,2,48580.943853
39.204112,3,48653.740257
39.161804,3,48722.945762
45.074033,1,48788.146123
42.143689,2,48855.882375
41.307275,2,48925.057805
37.211965,3,48989.481678
25.652766,3,49039.539881
34.719403,3,49106.65377
47.219412,1,49171.414447
31.761593,3,49225.942868
38.604195,2,49291.805373
46.838827,2,49356.816648
42.748221,2,49421.702085
43.390285,2,49488.372878
13.741138,3,49521.942491
45.396706,2,49589.290204
44.958225,2,49659.86343
3.585077,3,49694.101723
36.141549,3,49767.117342
30.077241,3,49846.954258
42.456059,2,49911.202315
44.965305,2,49974.640416
47.984928,1,50041.693631
38.720662,3,50107.596674
1.134303,3,50121.374145
45.777551,2,50192.112609
39.33584,3,50261.55
38.830674,3,50329.989569
39.963354,3,50397.817751
25.262138,3,50447.695355
38.280794,2,50517.788825
45.798538,1,50584.227141
12.693245,3,50617.967656
10.091937,3,50647.215579
21.261875,3,50693.91187
10.10687,3,50724.032697
43.602624,1,50792.994778
41.33369,2,50866.005028
47.566352,1,50931.734657
43.621965,2,50998.134667
15.478316,3,51032.292659
44.228825,2,51097.198761
40.713058,3,51164.193633
48.768811,2,51228.926542
40.650873,3,51298.534714
46.56043,2,51367.481692
45.345476,2,51436.396856
16.548302,3,51470.711006
50.088565,1,51538.476426
23.397121,3,51584.16815
40.504834,3,51650.811064
13.374243,3,51698.082785
2.161167,3,51717.024277
4.741693,3,51748.360207
44.827283,2,51813.560249
47.661031,1,51877.892379
42.890806,2,51948.406683
50.917069,1,52011.176819
14.576502,3,52060.928798
37.433539,3,52127.808525
46.003901,1,52193.408897
24.268625,3,52245.686954
37.535294,3,52316.148931
20.527655,3,52356.119112
41.992393,3,52425.162108
48.259747,1,52490.591686
36.479135,3,52557.585992
19.558817,3,52596.810828
32.410693,3,52662.312226
45.567959,2,52727.846564
41.794444,2,52793.439994
20.077201,3,52837.526146
23.764431,3,52886.467853
10.182453,3,52915.41361
12.350422,3,52945.221936
47.224709,1,53014.209049
2.111882,3,53031.4129
46.775386,1,53098.987899
50.193158,1,53166.774042
16.610335,3,53203.156778
47.583308,1,53272.211783
45.54145,1,53341.442586
46.041068,2,53408.862743
45.802673,2,53478.698061
44.236753,1,53545.316818
32.527865,3,53606.228906
34.151102,3,53663.662071
43.373442,2,53729.649164
42.012064,2,53794.792953
48.939454,1,53859.126728
34.112423,3,53916.143898
14.906173,3,53953.218378
44.181188,1,54022.050727
2.105866,3,54037.90126
40.862496,3,54107.52117
35.512309,3,54175.131258
12.68945,3,54208.128827
41.047079,2,54274.833051
48.140081,1,54341.59146
41.445619,3,54404.984456
32.847488,3,54458.649098
36.218604,3,54520.688361
39.265824,2,54588.326981
45.493278,1,54654.760411
42.23323,2,54722.337034
46.251389,3,54789.708516
9.458596,3,54813.644036
40.787738,3,54895.233236
40.779305,3,54966.17082
33.198707,3,55023.082949
27.156179,3,55071.833078
47.921438,1,55137.091346
48.180512,1,55207.253715
22.863946,3,55266.723043
45.076718,1,55334.613283
30.297061,3,55390.879566
27.10231,3,55439.694062
13.339582,3,55489.517331
44.275684,1,55553.722588
49.677133,1,55617.737863
23.571675,3,55678.002781
1.511488,3,55692.584766
44.919681,2,55760.672505
39.33568,3,55825.566968
31.907171,3,55880.948411
21.72377,3,55927.057347
47.756627,2,55992.919313
41.625001,3,56060.796547
45.020092,2,56125.308658
21.34617,3,56175.398775
47.707744,1,56241.965247
43.240266,2,56312.564152
19.221206,3,56349.179259
19.392167,3,56386.259197
42.016623,2,56451.796622
38.377769,3,56520.884603
12.367918,3,56551.519756
42.759132,2,56620.41116
42.792,2,56688.072948
40.112481,3,56754.809468
50.570474,1,56819.355567
35.687583,3,56890.520456
2.667099,3,56913.90221
42.831099,2,56979.736381
45.167946,1,57051.429243
11.247614,3,57078.706612
46.050705,1,57144.033371
47.381507,2,57213.326239
35.842983,3,57281.606168
40.890415,3,57363.122829
36.051597,3,57431.858739
38.217393,3,57497.140739
22.979593,3,57555.727353
42.930025,3,57625.375246
4.39145,3,57644.230098
49.00366,1,57710.315305
37.968129,3,57780.44732
26.090243,3,57829.395302
46.22836,1,57895.915705
21.620105,3,57939.522568
42.995189,2,58003.919703
34.30351,3,58071.964734
45.719646,2,58137.681543
7.662337,3,58161.130468
42.308143,3,58227.303579
26.278583,3,58276.048575
18.874534,3,58318.255842
47.948367,1,58383.765232
26.932987,3,58442.872731
42.231861,3,58509.360488
3.775586,3,58527.863288
44.399202,2,58598.477386
43.89246,2,58661.789719
50.498302,1,58727.367034
42.472134,3,58795.612459
43.011715,3,58867.853734
47.752309,1,58933.18482
35.227024,3,58994.95297
48.078154,1,59058.649228
42.254636,2,59123.49302
47.84983,2,59187.206579
31.617015,3,59245.514996
19.770163,3,59285.669897
2.802626,3,59312.76333
45.793281,1,59380.96016
46.686423,1,59449.545564
16.798867,3,59488.575151
41.325031,3,59555.655882
47.108175,1,59620.128583
19.030663,3,59665.297206
43.504107,2,59733.491954
38.482255,3,59805.68917
45.529888,2,59874.96324
48.884455,1,59942.304721
46.876003,1,60007.802809
40.975707,3,60074.976665
47.025003,1,60142.394903
43.67003,2,60210.774721
43.914732,2,60276.520812
34.263526,3,60333.473024
21.258624,3,60381.386192
43.31014,3,60446.504562
47.150196,2,60515.11975
16.51105,3,60554.452833
38.528584,3,60621.685815
45.520888,2,60687.121045
50.063579,1,60755.866514
45.826856,1,60824.519574
41.439654,3,60891.177661
31.430508,3,60947.805243
47.276013,1,61016.369056
10.581304,3,61050.041794
48.609817,1,61113.858801
25.584781,3,61157.955515
18.11454,3,61196.734586
44.940794,1,61264.935602
42.87624,2,61331.386929
1.569102,3,61347.155998
40.227524,3,61411.858015
41.167971,3,61479.977955
43.440613,2,61546.815845
3.732612,3,61571.656849
33.736386,3,61633.914714
11.747534,3,61662.470858
48.0967,2,61730.541291
48.428953,1,61796.578401
43.804673,3,61865.154404
43.969357,2,61934.461216
46.639449,2,62000.138699
37.018284,3,62071.239943
46.579164,2,62135.378041
30.528453,3,62191.019406
44.411054,2,62261.726935
34.094832,3,62324.667065
42.925778,3,62397.379432
42.132798,1,62462.853071
42.369034,3,62529.761377
44.149788,2,62597.140118
41.174626,3,62664.690631
41.530937,3,62728.433751
39.064279,3,62795.411334
25.891187,3,62847.607665
28.472474,3,62895.192212
42.676065,2,62963.553543
32.967471,3,63019.012034
40.132705,2,63086.25351
23.913204,3,63131.701702
43.004037,3,63200.084071
13.660445,3,63234.051965
38.146319,3,63300.530513
2.168237,3,63322.151757
45.465014,2,63388.617162
36.169745,3,63453.184785
